FileName,VesselName,Builder,Designer,OwnerOperator,Country,DeliveryDate,Length,MaxSpeed,ImoNumber,Gross,MainEngineDesigner,MainEngineModel
"SSS 2006","Alert","Remontowa SA","Burness Corlett & Partners","Trinity House","UK","10 April 2006","39.3m","17knots","","302tonnes","","Caterpillar Diesels",""
"SSS 2006","Arrow","VT Halmatic Ltd","Camarc Ltd","Falmouth Harbour","UK","November 2006","16.95m","23.7knots at full power","","","","Scania","DI 16M-EMS"
"SSS 2006","Axebow 101; Axebow 102","Damen Shipyards","Damen Shipyards","Ocean Team","Mexico","September 2006","33.57m","","","","","Caterpillar","C32 B"
"SSS 2006","Bergen Star","RMK Marine","Rolls-Royce","Haugland Tankers","Norway","August 2006","89.99m","15knots","","3600gt","","Bergen","33LGA"
"SSS 2006","Bourbon Orca","UNV","Ulstein Design AS","Algerian port authority of","Algeria","2006","86.2m","17.1knots","","4089gt","","UNV",""
"SSS 2006","","","2.50m","","","December 2005","29.50m","","","369gt","","MaK","6M20"
"SSS 2006","Celtic Amara","Safehaven Marine","Frank Kowalski","Bob Morris","UK","20 September 2006","11.73m","27knots","","","","Caterpillar","C9"
"SSS 2006","Chelsea","Ecocats Limited","John Bate/Miles Pinchin/ Derick Reynolds","Port of London Authority","UK","24 October 2006","10.65m (including outboard engines)","18knots","","","","Yanmar","D36 Diesel outboard motors"
"SSS 2006","Florence Mkhize (previously","Eraco Boat Builders","Eraco Boat Builders","Marine and Coastal","South Africa","May 2006","13.31m","65knots","","8.6tonnes","","Seatek","820 plus"
"SSS 2006","FS Camille","Yardimici Shipyard","Delta Marine Co","Fouquet Sacop Maritime/ Eitzen Group","Turkey","2006","79.90m","","","2747tonnes","","Wärtsilä","6L20"
"SSS 2006","Gavea I","Rodriquez Cantieri Navali do","Wärtsilä/Lips","Barcas SA","Brazil","7 July 2006","51.50m","","","","","MTU","16V 2000 M70"
"SSS 2006","Gleann Mor","Safehaven Marine","Frank Kowalski","Port of Cork","Ireland","1 April 2006","13.10m","","","","","Volvo","D12"
"SSS 2006","Gold Express & Silver","Austal","Austal","L'Express des Iles SA","Guadeloupe","November 2005","45.24m","","","","","MTU","16V 396 TE74L"
"SSS 2006","HMS Clyde","VT Shipbuilding","-","VT Shipbuilding/ UK Ministry of Defence","UK","October 2006","81.5m","","","","","Rushton Marine Diesels","12V RK270"
"SSS 2006","James Cook","Flekkefjord Slipp &","Skipstenknisk AS","The Natural Environment","UK","31 August 2006","89.20m","","","5400gt","","Wärtsilä AS","9L20"
"SSS 2006","Mermaid Investigator","Cheoy Lee Shipyards","International Maritime","Mermaid Marine","Australia","March 2006","54.00m","12knots","","1265gt","","Caterpillar","3512B"
"SSS 2006","Milenium Tres","Incat","Revolution Design","Acciona Trasmediterránea","Spain","September 2006","97.22m","","","","","MAN B&W","16RK280 diesel"
"SSS 2006","Nakilat VI","Arab Shipbuilding and","Henderson International, Dubai","Kuwait Oil Tanker Co","Kuwait","6th November 2006","35.00m","12.5knots","","377gt","","Cummins","KTA 50M2"
"SSS 2006","NB543","Dockstavarvet","Petter Håkansson Marine","Mexican Navy","Mexico","June 2006","11.4m","","","","","Volvo Penta","D9"
"SSS 2006","NLV Pharos","Remontowa SA","Remontowa SA","Williams & Glyn's Leasing","UK","3 December 2006","84.20m","","","3569tonnes","","Wärtsilä",""
"SSS 2006","Offshore Provider","South Boats Special","South Boats Special Projects Ltd","Offshore Wind Power","UK","May 2006","15m","","","","","Scania","DI12 65M"
"SSS 2006","OISS Patroller","Alnmaritec","Alnmaritec","Oil International","-","8 March 2006","9.15m","26knots","","N/A","","Cummins","6BT5.9"
"SSS 2006","Olympic Octopus","Aker Yards Søviknes","Rolls-Royce UT-Design","Olympic Shipping, Fosnavåg, Norway","Norway","October 2006","78.3m","18knots","","approx 3050tonnes","","Rolls-Royce Bergen","40L12P"
"SSS 2006","Svitzer Al Safliya","Strategic Marine (S) Pte Ltd","Southerly Designs/Strategic","Svitzer Wijsmuller Halul LLC","Qatar","Mid-2006","31.00m","","","171gt","","Caterpillar","C32"
"SSS 2006","The Evans","SeaArk Marine, Inc","SeaArk Marine, Inc/C Raymond","US Army Corps of Engineers","USA","June 2006","12.80m","29.6knots","","N/A","","Cummins","QSC8.3M"
"SSS 2006","UP1000","Umoe Schat-Harding","Umoe Schat-Harding Boatbuilding (Qingdao) Co, Ltd","Umoe Schat-Harding","China","13 March 2006","10.19m","31knots","","5.9gt","","Volvo","D3-160/DP"
"SSS 2006","WP 950","Westplast AS","Westplast AS/Sundal","PGS Geophysical","Norway","March 2006","9.5m","30knots","","","","Yanmar","6LYA-STP"
"SSS 2007","Bocas Del Toro","Cheoy Lee Shipyards Ltd","Robert Allan Ltd","Panama Canal Authority","Panama","January 2007","27.40m","","","","","Wärtsilä","9L20"
"SSS 2007","Bourbon Trieste","ASL Shipyard","-","Bugsier Reederei Hamburg","Germany","27 September 2007","85.2m","","","","","Kooren Shipbuilding and Trading",""
"SSS 2007","","","","","","Bugsier 6, December 2007;","28.30m","12knots","","","","Wärtsilä","8L20C"
"SSS 2007","Burak","Damen Shipyards Gorinchem","Damen Shipyards Gorinchem","Istanbul Metropolitan","Turkey","March 2007","42.90m","","","","","Caterpillar","C32"
"SSS 2007","Don Inda","Astilleros Zamakona","Rolls-Royce","Maritime Safety Authority","Spain","January 2007","80.60m","17.6knots","","","","Bergen","40 long stroke"
"SSS 2007","Edda Fram","Astilleros Gondan SA","Skipsteknisk A/S","Østensjø Rederi A/S","Norway","June 2007","85.80m","15.5knots on 28tonnes/day","","3800gt","","Voith","VSP36R6"
"SSS 2007","Elyah and Assad","Grandweld","Robert Allan Ltd","Abu Dhabi National Oil","United Arab Emirates","30 September 2007/Assad: 28 October 2007","19.80m","11.94knots","","124gt","","MTU","8V 4000 M60"
"SSS 2007","Far Sapphire","Aker Yards Langsten","Rolls-Royce","Farstad Shipping ASA","Norway","December 2007","92.70m","17.4knots","","7176gt","","Rolls-Royce","40L8P"
"SSS 2007","First and Ten","Bollinger Shipyards Inc","Guido Perla & Associates Inc","Rigdon Marine","USA","August 2007","57.95m","13knots","","1600gt","","Cummins","2 x Cummins KTA-50DM1; 1 x Cummins"
"SSS 2007","Geograph","Fjellstrand A/S","GlesværShip Design A/S","Geo ASA","Norway","October 2007","70m","17knots","","2600gt","","Caterpillar","3612TA"
"SSS 2007","Grampian Talisman","Balenciaga Shipyard","IMT Marine Consultants","North Star Shipping Ltd","Scotland","August 2007","78.30m","13.00knots","","2900gt","","MaK","6M25"
"SSS 2007","Guan Xiao Yi Hao","Wang Tak Engineering and","Robert Allan Ltd","Port Authority of Dongguan","China","February 2007","38.90m","16knots","","","","Caterpillar","3512B"
"SSS 2007","Harry Evans","Cheoy Lee Shipyards Ltd","Robert Allan Ltd","Rio Tinto Aluminium","Australia","23 November 2007","30.25m","12.5knots","","399gt","","Caterpillar","3516B"
"SSS 2007","Ibeev-03","Strategic Marine","Naval Engineering & Design","Compagnie Corsaire","France","August 2007","37.5m","","","452gt","","MTU","12V 2000 M70"
"SSS 2007","Joint Multi Mission","Aluminum Chambered Boats","Aluminum Chambered Boats Inc","Aluminum Chambered","USA","May 2007","12.25m","+40knots","","11gt","","Cummins","Twin QSC 8.3 Quantum High"
"SSS 2007","Orhan Gazi-1","Austal","Austal","Istanbul Metropolitan","Turkey","September 2007","87.85m","45knots at 90% MCR under lightship conditions","","","","MTU","20V 8000 M71R"
"SSS 2007","Provider","South Boats Special","South Boats Special Projects Ltd","MBL Supply AB","Sweden","16 August 2007","14.05m","31.8knots","","18.36gt","","Volvo Penta AB","D11"
"SSS 2007","Royal Charter","Safehaven Marine","Frank Kowalski","Port of Liverpool","UK","September 2007","12.19m","27knots","","21gt","","Caterpillar","3126"
"SSS 2007","Sea Scape 1","FBMA Marine Inc","Sea Transport Solutions","Sea SA","Australia","March 2007","51.9m","","","","","Cummins","KTA19"
"SSS 2007","Simara Ace/Siluna Ace","Remontowa SA","Remontowa SA/Knud E Hansen A/S","ACE-Link A/S","Denmark","19 November 2007","60.40m","14.0knots","","1665gt","","Volvo Penta","D30MT"
"SSS 2007","Svitzer Sakhalin","ASL Shipyard","Robert Allan Ltd","SvitzerWijsmuller","Denmark","February 2007","34.5m","13.5knots","","","","Bergen","33L8P"
"SSS 2007","Tansøy","Båtservice Mandal A/S","Ola Lilloe-Olsen/Båtservice","Fjord1 Fylkesbaatane","Norway","24 January 2007","29.45m","32knots","","","","Caterpillar","12VC32"
"SSS 2007","The Grand Canal Shoppes","Austal","Austal","Venetian Marketing","Hong Kong","October 2007","47.5m","45knots at 90% MCR under lightship conditions","","","","MTU","16V 4000 M70"
"SSS 2007","Thor","Main Iron Works","Robert Allan Ltd","Suderman & Young Towing Co","USA","July 2007","30.00m","","","","","Caterpillar","3516B"
"SSS 2007","Tiger","Sabre Marine & General","Michael Hunn Marine","North Western Shipping and Towage Ltd","Australia","November 2006","11.9m","33knots at 2800rev/min lightship","","","","Cummins","QSB"
"SSS 2007","VB Jerez","Union Naval Valencia Ltd","Robert Allan","Sertosa (Grupo Boluda)","Spain","4 July 2007","23.80m","12.15knots","","237gt","","Caterpillar","3516B"
"SSS 2007","Vos Tracker","Damen Shipyards Gorinchem","Damen Shipyards Gorinchem","Vroon Offshore Services BV","The Netherlands","September 2007","48.20m","","","425gt","","ABC","6DZC"
"SSS 2007","Wedel","","","Hamburg Water and","Germany","30 March 2007","23.90m","12knots","","","","MTU","D2876 LXE 403"
"SSS 2007","Xplorer","Alnmaritec Ltd","Alnmaritec Ltd","North Sea Logistics","England","22 February 2007","15.05m","22knots","","17.1gt","","Cummins","QSC 8.3"
"SSS 2008","America","JM Martinac","Robert Allan Ltd","Signet Maritime","United States of America","March 2008","29.9m (excl. fenders)","13.5kts","","294 (US GRT) / 464 (International GRT)","","MTU","16V-4000"
"SSS 2008","Apex","Astilleros Gondan SA, Spain","Niigata","Solent Towage Ltd/ Østensjø Rederi AS","United Kingdom","17 April 2008","37m","15kts","","643t","","Rolls-Royce","33 L8P"
"SSS 2008","Ark Tori","PT Batamec Shipyard, Indonesia – a subsidiary of","Conan Wu & Associates, Singapore","All-RK Offshore","Republic of Singapore","10 September 2008","67m","13kts design, actual 14.7kts","","2000grt","","Wärtsilä","8L32"
"SSS 2008","Atlantida Azul","Safehaven Marine","Wärtsilä","Port of Sines, Portugal","Portugal","December 2008/ January 2009","16m","25.3kts at 2100rpm","","","","Scania","D16 V8"
"SSS 2008","Caspian Breeze","Damen Shipyards Gorinchem","Damen Shipyards Gorinchem","Nico Middle East Ltd","United Arab Emirates","July 2008","35.95m","26kts at 100% MCR","","168t","","Caterpillar","C32 WSOR"
"SSS 2008","Don Osiris","Damen Shipyards Gorinchem","Damen Shipyards Gorinchem","Naviera Integral SA de CV","Mexico","January 2009","50.3m","25kts","","427gt","","Caterpillar","3512B TA WOSR"
"SSS 2008","Dong Hai Lu Dao","Wang Tak Engineering & Shipbuilding Co Ltd/Guangdong","Wang Tak Engineering & Shipbuilding Co Ltd & CMCS, AU","Shanghai Yatong","People’s Republic of China","December 2008","41.3m","","","567grt","","MTU","12V4000M70"
"SSS 2008","Esnaad 710","Astilleros Balenciaga SA","ZF","Esnaad/Abu Dhabi","United Arab Emirates","31 May 2008","47.4m","","","978","","Caterpillar","3516B rating"
"SSS 2008","Greatship Anjali","Colombo Dockyards","Finnoy – two-in-one-out type","Greatship (India) Limited","India","January 2008","63.4m","","","1596gt","","MaK","8M25"
"SSS 2008","Handy One","Great Lakes Shipyard","Jensen Maritime Consultants","Tugz International LLC","United States of America","11 April 2008","22.6m (74ft)","12kts free running","","under 100gt","","Cummins","QSK 38 diesel"
"SSS 2008","FPV Hirta","Gdansk Shiprepair Yard “Remontowa” S.A., Poland","Remigiusz Ruszkowski","Scottish Ministers/Scottish","United Kingdom","12 May 2008","84m","18kt","","2182dwt","","Wärtsilä","9L20"
"SSS 2008","Iliria","Damen Shipyards","Wärtsilä","Ministry of Defence, Albania","Albania","August 2008","42.80m","26kts","","240t","","Caterpillar","3516 TA-HD"
"SSS 2008","Island Constructor","Aker Yards Langsten (now part of STX Europe)","Ulstein Design AS","Island Offshore","Norway","March 2008","116m","","","12,100gt","","Rolls-Royce","40"
"SSS 2008","LOS 116 Fedje","Dockstavarvet AB","Rolls-Royce","Norwegian Coastal","Norway","May 2008","16.80m","30kts","","49.9grt","","MTU","8V 2000 M72"
"SSS 2008","Maria de Maeztu","Union Naval Valencia, SA","SENER","Maritime Safety Authority (SASEMAR)","Spain","28 March 2008","39.7m","13kts at 100% MCR","","907grt","","ABC (Anglo Belgian Corporation)","8DZC-1000-175"
"SSS 2008","Messico","Astilleros Armon","Robert Allan Ltd","Rimorchiatori Riuniti","Italy","January 2008","36.65m","13.96kt","","698grt","","MAK","8M25"
"SSS 2008","M/Y Sea Force One","","Luca Dini Design","Undisclosed","Italy","17 July 2008","53.8m (176.5ft)","17kts","","","","Caterpillar","CAT3516B"
"SSS 2008","PB Fitzroy","Cheoy Lee Shipyards","Robert Allan Ltd","unknown","Australia","September 2008","28.2m (excluding fenders)","13kts","","416grt","","Niigata","6L28 HX"
"SSS 2008","Police 5~10 (Medium Patrol Launches)","","Lung Teh Shipbuilding Co.Ltd","Hong Kong Marine","Hong Kong Special","November 2007, April 2008","19m","","","","","Caterpillar","C 32 B rating"
"SSS 2008","Shinas","Austal","ZF","The Government of the","Oman","June 2008","64.8m","55.9kt","","2053t","","MTU","20V 1163"
"SSS 2008","Solway Spirit","Freire","Reintjes","Svitzer-Wijsmuller AS","United Kingdom","May 2008","15.43m","","","","","Robert Allan Ltd",""
"SSS 2008","","","6.95m","","","August 2008","34m","13.7kts","","686","","General Electric","7FDM16"
"SSS 2008","Taha Dua/Taha Satu","Damen Shipyards Gorinchem (build by DSSi)","Schottel","Powertium Engineering","Malaysia","15 August 2008","33.45m","26.5kts","","168","","Caterpillar","C32 WOSR B-rating"
"SSS 2008","Vivax","Sanmar Denizcilik","Robert Allan Ltd","Østensjø Rederi AS/AS","Norway","November 2008","33.10m","14kts","","","","Wärtsilä","8L26"
"SSS 2008","Wave Ranger","Alnmaritec Ltd","Camarc/Alnmaritec Ltd","Alnmaritec Ltd","United Kingdom","30 July 2008","8.3m","Double drum, 40ton pulling at 12m/min, max speed is 64m/min at 8tons. 170tonne break power. 2 x 950m towing wire. Stern roller..................... 1m diameter, 3m length, 131t SWL. Tow pins................. Karmoy flush towpins, remote operated","","","","Yanmar","6LP2-STP"
"SSS 2010","ASB Mutiara 5","Strategic Marine","Southerly Designs / Strategic Marine","ASB Maritime Resources / Petronas Carigali","Malaysia","December 2010","40.37m","","","","","Cummins","KTA38 M2 / KTA50 M2"
"SSS 2010","","Adrenalin Marine Ltd. Designer: ...............................Robert Allan Ltd. Vessel’s name: ..........................................BRAtt","1.44m","N/A","Canada","N/A","8.53m","8.0knots","","11gt (U.S.)","","Cummins","QSB5.9-230 HD"
"SSS 2010","CarboClyde","Kockums AB Sweden / Karlskrona","Kockums AB / Fintry Marine","Fintry Marine Ltd. Country........................................................ UK","","September 2010","23.6m","31kts (100% MCR)","","107.35gt","","MTU","8V2000 M72 including"
"SSS 2010","Dana Cruz","Fred Wahl Marine","Ag Mcilwain","King River LLC/ Foss Maritime","USA","June 2010","28.04m","","","98gt","","Caterpillar","C18B Tier II"
"SSS 2010","FireStorm 70","MetalCraft Marine","MetalCraft Marine","Jacksonville Fire Rescue","USA","September 2010","21.1m. Breadth moulded...........................................................6.9m","41knots (fully loaded)","","","","Caterpillar","CAT C18"
"SSS 2010","Greatship Maya","","Marin Teknikk AS","Greatship Global Offshore","Australia","January 2010","93.6m","14.5knots","","4765gt","","Yanmar","8N280L-EV"
"SSS 2010","Hai Jun","Wang Tak Engineering &","Wang Tak Engineering &","Zhuhai Haitong Shipping","Zhuhai, PRC","December 2009","33.0m","27.6knots (fully loaded)","","322gt","","Caterpillar","C-32"
"SSS 2010","Iceni Spirit","South Boats Special","South Boats Special","Iceni Marine Services Ltd","UK","March 2010","15.6m","25knots","","26gt","","Scania","DI12 69M"
"SSS 2010","M.V. Independence","Derecktor Shipyards","Robert Allan Ltd","Reinauer Transportation","USA","January 2010","39.1m","13.5knots","","< 300gt (LC)","","MTU","16V4000"
"SSS 2010","Laboe","Dockstavarvet / JB Seaform","Dockstavarvet","Wasser- und","Germany","November 2010","16.8m","22knots","","49.9gt","","Volvo Penta D 16",""
"SSS 2010","Loke Viking","Zamakona Yards Bilbao","Vik & Sandvik","Transviking","Sweden","May 2010","85.20m","","","5.109tonnes","","MAK","2 x 6M32 + 2 x 8M32"
"SSS 2010","Natalia Bekker","Abeking & Rasmussen","Abeking & Rasmussen","BARD Engineering","Germany","April 2010","26.40m","18knots","","222gt","","MTU","10V 2000 M72"
"SSS 2010","Normand Ranger","Swede Ship Marine AB","Vik Sandvik (Wärtsilä Ship Design)","Redningsselskapet","Norway","April 2010","91.0m","18.5knots","","7480tonnes","","Swede Ship Marine/ Redningsselskapet",""
"SSS 2010","","","1.45m","","","September 2010","24.7m","29.0knots","","99.0gt","","MTU","16V2000M72"
"SSS 2010","Oita","Shipco Marine","Robert Allan Ltd","Robe River Mining Pty. Ltd","Australia","March 2010","32m. Breadth moulded ........................................................11.6m","13knots","","428gt","","Niigata","6l28HX"
"SSS 2010","OSG Vision","VT Halter Marine","Ocean Tug & Barge","OSG Delaware","USA","March 2010","46.72m","13knots","","997gt","","Wärtsilä","9L32"
"SSS 2010","PB Karepo","Cheoy Lee Shipyards, Ltd","Wärtsilä Ship Design","PB Towage Ltd","Hong Kong","January 2010","49.95m","14knots","","962gt","","Yanmar","6EY26"
"SSS 2010","Polarcus Asima","Safehaven Marine","Ulstein SX134","Bordeaux Pilots","France","August 2010","92.0m. Breadth moulded.........................................................21.0m","15knots","","7894tonnes","","Frank Kowalski",""
"SSS 2010","","","1.35m","","","September 2010","14.7m","26knots","","25gt","","IVECO","C13"
"SSS 2010","Saaremaa","Fiskerstrand BLRT AS","Multi-Maritime AS","Saaremaa","Norway","June 2010","97.9m. Length bp:................................................................. 92.46m","","9474072","5900gt","","Wärtsilä","2 x 6L20 Clean + 2 x 8L20 Clean"
"SSS 2010","Scarlet Ibis","Austal","Rolls-Royce Contaz 25 (2000 kW) Ice 1A","Trinidad and Tobago","Trinidad and Tobago","January 2010 2010 saw Austal complete and deliver six high speed, 30m patrol vessel sisterships for the Trinidad and Tobago Coast Guard, the first of these orders being Scarlet Ibis. Like her sisters, Scarlet Ibis has been classed by Det Norske Veritas, which has also provided classification for vessels built by Austal for the Armed","30.0m","","","","","Kamewa 56A3 waterjets",""
"SSS 2010","Shi Hua Gang Yi Hao","Alnmaritec Ltd","Alnmaritec Ltd","Elastec","China","November 2009","15.05m","21knots","","","","Volvo Penta","D9"
"SSS 2010","Smit Angola","Keppel Nantong","Robert Allan Ltd","SMIT Shipping","Angola (intended area of operation)","June 2010","49.5m","14.9knots","","1438gt . Displacement: ....................................................2717tonnes","","Wärtsilä","8L26"
"SSS 2010","Stefan Cel Mare","Damen Shipyards Group","2.9m(Summer)","General Inspectorate of the Border Police, Romania","Romania","September 2010","66.0m. Length, bp..................................................................64.05m","20.6knots @ 2.9m draught","","","","MTU","16V 400 M73"
"SSS 2010","Svitzer Pembroke","Astilleros Zamakona SA","Robert Allan Ltd","Svitzer Marine Ltd","Denmark","August 2010","35.80m","13.5knots","","1374tonnes","","GE","16V228"
"SSS 2010","Three Forty Three","Eastern Shipbuilding Group","Robert Allan Ltd","","USA","May 2010","42.67m","18knots","","438gt (US Regulatory)","","MTU","12V4000M70"
"SSS 2010","Uthlande","Shipyard J.J. Sietas KG, Hamburg","Owner / Naval Consulting Franz","Wyker Dampfschiffs","Germany","May 2010","75.88m","12.0knots","","3179gt. Displacement......................................................1676tonnes","","Caterpillar","CAT 3508C DI-SCAC"
"SSS 2010","YT-802 Valiant","J.M. Martinac","Robert Allan Ltd","US Navy/ Bremerton Pilots","USA","December 2009","27.42m","12.3knots","","342gt","","Caterpillar","3512C HD, A-Rated"
"SSS 2010","Volstad Surveyor","Freire Shipyard","Skipsteknisk","Volstad Shipping / Rieber Shipping","Norway","May 2010","85.30m. Length, bp..................................................................75.00m","16knots @5.5m draught","","4398gt. Displacement......................................................5738tonnes","","ABB","AMA 500L6L BAFMH"
"SSS 2010","Vortex","Astilleros Gondan SA, Spain","Robert Allan Ltd","Solent Towage Ltd, Southampton","United Kingdom","June 2010","38.7 m (fenders including)","14.5knots","","800gt","","Wärtsilä","8L26B2"
"SSS 2011","28 Defiant","Metal Shark Boats","","US Coast Guard","US","June 2011","9.5m","40knots","","","","Honda","BF225AKXA"
"SSS 2011","Banrion Uladh","Baltic Workboats","Baltic Workboats","Department of Agriculture and Rural Development, Northern Ireland","","December 2010","25.9m","26knots","","74tonnes","","MTU","10V2000M72"
"SSS 2011","Caspian Provider","Simek","Rolls-Royce Marine / Ulsteinvik","Topaz Energy and Marine","Dubai","July 2011","73.6m","14.95knots (@4.2m)","","2471tonnes","","Rolls-Royce","33L8P"
"SSS 2011","Christopher Wheatley","Hike Metal Products","Robert Allan Ltd","Chicago Fire Department","USA","April 2011","27.43m","13knots","","179.9tonnes","","Caterpillar","C32"
"SSS 2011","CWind Alliance","CTruk Boats Ltd","CTruk Boats Ltd","CWind","UK","October 2011","18.5m","30knots","","","","Cummins","QSM11"
"SSS 2011","Elastec1","Alnmaritec","Alnmaritec","PetroChina","China","May 2011","10.8m","7knots","","","","Betamarine","Beta 90"
"SSS 2011","Guan Xiao Er Hao","Wang Tak Engineering & Shipbuilding / Guangdong","Robert Allan / Wang Tak Engineering & Shipbuilding","Dongguan Fire","China","November 2011","46.4m","17knots","","","","Caterpillar","3516B"
"SSS 2011","Hornblower Hybrid","Hornblower Cruises and Events","Dejong & Lebet","Hornblower Cruises & Events","USA","October 2011","51.2m","12knots","","","","Scania","D16"
"SSS 2011","Ievoli Orange","Selah Shipyard","S.P.E.C","Marnavi Offshore Srl","","January 2011","49.98m","","","943tonnes","","Wärtsilä","9L20"
"SSS 2011","NB 569 / Interceptor 16 M","N Sundin, Dockstavarvet","N Sundin, Dockstavarvet","Russian pilots","Russia","July 2011","17.2m","50knots","","","","MAN","D2842LE416"
"SSS 2011","Joa Vaz Corte-Real","Safehaven Marine","Frank Kowalski","Azores pilots","Azores","December 2011","11.7m","25knots","","22tonnes","","Volvo","D9"
"SSS 2011","","Méridien Maritime Réparation","Navtech Inc. Vessel’s name.....................................Le Cageux","Administration portuaire de Québec","Canada","June 2011","13.41m","11knots","","24.4tonnes","","Volvo Penta","D9 MH"
"SSS 2011","Liberty","Austal","Austal","L’Express Des Iles","Guadeloupe","August 2011","47m","","","","","MTU","16v 4000 M71"
"SSS 2011","Mangystau-4","STX OSV Braila SA","Aker Arctic Technology Inc","JSC Circle Maritime Invest / Caspian Offshore Construction","Kazakhstan","August 2011","66m","13knots","","1828tonnes","","Caterpillar","3512 C"
"SSS 2011","MarineCo Shamal","Damen Shipyards Gorinchem","Damen","MarineCo UK","UK","June 2011","26m","27knots","","","","Caterpillar","C32 TTA B"
"SSS 2011","MCS Zephyr","South Boats Special Projects Limited","South Boats Special Projects Limited","Maritime Craft Services (Clyde) Ltd","UK","April 2011","19.1m","26knots","","","","MTU","8V2000M72"
"SSS 2011","Mojaweb","Simulation Tech Inc. Designer..................................Robert Allan Ltd","5.05m","Kuwait Fire Services","Kuwait","March 2011","39.1m","13.1knots","","759tonnes","","Wärtsilä","6L26"
"SSS 2011","Mutawa202","Grandweld Shipyards","Grandweld Shipyards","Mutawa Marine Works","UAE","July 2011","24m","31knots","","98tonnes","","MTU","8V2000M72"
"SSS 2011","Nordic","P&S Werften","Skipskonsulent","Bugsier Hamburg","Germany","January 2011","78m","19.5knots","","3250tonnes","","MTU","20V8000 M71L GSB"
"SSS 2011","Ocean Pioneer","Cheoy Lee Shipyards","Robert Allan Ltd","Ocean Sparkle Ltd","India","May 2011","32m","13knots","","493tonnes","","Caterpillar","3516B"
"SSS 2011","Polar King","Freire Shipyard","Skipsteknisk / Freire Shipyard","Sea4I Shipping / GC Rieber Shipping","Norway","March 2011","110.6m","15.85knots","","7238tonnes","","MAN","9L-21/31"
"SSS 2011","PT May","Shipco","Shipco","Pacific Tug Pty Ltd","Australia","July 2011","15m","10.5knots","","","","KTA 19-M3",""
"SSS 2011","Rainbow Warrior III","Fassmer","Dykstra and Partners / Greenpeace","Stichting Greenpeace Council","","October 2011","57.9m","15knots","","855tonnes","","Caterpillar","CAT Zeppelin 3512 C-HD DITA-SCAC"
"SSS 2011","Sarissa","Vitters Shipyard / Green Marine (for structure)","Tripp Design / Rhoades","Jens Cornelsen","","August 2011","42.6m","18knots (under sail) / 14knots (under power)","","198tonnes","","Caterpillar","C12"
"SSS 2011","Sea Herald","Macduff Shipyards","Macduff Ship Design","Aberdeen Harbour Board","UK","February 2011","14m","9.6knots","","34.47tonnes","","Scania","DI1259M 10 – 45J"
"SSS 2011","St Elmo","Astilleros Zamakona","Robert Allan Ltd","Rimorchiatrori Riuniti","Italy","October 2011","30.25m","","","458tonnes","","Caterpillar","3516B"
"SSS 2011","Topaz Zenith","Nicocraft (Topaz Engineering)","Incat Crowther","Topaz Marine MENA","UAE","June 2011","27.6m","32knots","","134tonnes","","Caterpillar","C32"
"SSS 2011","Uni Kragerö","Swede Ship Marine","Swede Ship Marine","Redningsselskapet","Norway","June 2011","13.6m","37knots","","17tonnes","","VP","D6-435"
"SSS 2011","Yong Gang Tuo 29","Zhenjiang Shipyard Co","Robert Allan Ltd","Ningbo Port Group of China","China","2011","33m","13.7knots","","499tonnes","","Niigata","8L28HX"
"SSS 2012","Alison MacGregor","Blyth Workcats","","","UK","July 2012","11m","19knots","","8tonnes","","Twin Disc",""
"SSS 2012","Bergesen D.Y","Swede Ship Marine","Swede Ship Marine","Redningsselskapet","Norway","April 2012","14.25m","38knots","","","","Cummins","QSC8.3"
"SSS 2012","Bolt 18","Mylne Yacht Design","Mylne Yacht Design","Mylne Yacht Design","UK","September 2012","5.5m","30+knots @100% MCR","","","","Regen Nautic & UQM","PowerPro 100"
"SSS 2012","BRAtt 880-SU","Adrenalin Marine","Robert Allan Ltd","Oil Sands","Canada","October 2012","9m","8.5knots","","13.5tonnes","","Cummins","QSB 5.9-230 HD"
"SSS 2012","CWind Astute","CTruk","CTruk / Nigel Warren","Coastal Marine","UK","August 2012","19.9m","26knots","","61tonnes","","Cummins","QSM11"
"SSS 2012","Doňa Clary","Cotecmar","Robert Allan Ltd","Serviport","Colombia","July 2012","37.47m","13.8knots","","745tonnes","","Caterpillar","3516C HD"
"SSS 2012","El Chalten","Cheoy Lee Shipyards","Wärtsilä Ship Design","Kalenys Ship Management","","September 2012","58m","12knots","","1,330tonnes","","Caterpillar","3516C"
"SSS 2012","Esvagt Aurora","Astilleros Zamakona","Ulstein Design","Esvagt","Denmark","July 2012","87m","","","","","MAN",""
"SSS 2012","Gazpromneft Nordwest","Gisan Shipyard","Delta Marine","Gazpromneft Marine Bunker","Russia","January 2012","72.62m","12.5knots","","1,764tonnes","","Yanmar","6N21A-UV"
"SSS 2012","Grampian Don","Astilleros Balenciaga","OSD-IMT","Craig Group/ North Star Shipping","UK","Jan 2012","50.7m","13knots","","1343tonnes","","MAK","6M20"
"SSS 2012","Harro Koebke","Fassmer","2.6m","DGzRS","Germany","April 2012","36.45m","25knots","","","","MTU","Type 16V 4000 M71 (main) / Type 8V 4000 M70 (side engines)"
"SSS 2012","HAWC12","Wang Tak Engineering & Shipbuilding Co, Ltd. Designer....................................... Icarus Marine","0.9m","HAWC Technologies Ltd. Country.............................................Hong Kong","","October 2012","12.46m","36+knots","","","","MarineDiesel","VGT-400"
"SSS 2012","Interceptor","Safehaven Marine","Frank Kowalski","To be confirmed","Ireland","To be confirmed","11.7m","29knots","","17tonnes","","Volvo","D9"
"SSS 2012","KBV 312","Baltic Workboats","Baltic Workboats","Swedish Coast Guard","Sweden","May 2012 2012 saw the delivery of the first in a series of five versatile coastguard vessels, destined primarily for maritime surveillance, border and fisheries control, environmental protection, firefighting and rescue and civil protection and diving operations. Following a successful tender in 2009, Estonia’s Baltic Workboats was awarded the contract to design and build five new fast patrol vessels for the Swedish Coast Guard, with specified requirements including the lowest possible vessel lifecycle costs, high efficiency, high working environment standards and the lowest possible impact on the environment. The 26.5m KBV 312 design is based on Baltic","26.5m","34knots","","80tonnes","","Volvo Penta","D13"
"SSS 2012","Lady Anna","Groningen Shipyard","Groot Ship Design / Conoship International","Wijnne Barends","Netherlands","January 2012","88m","","","2,544tonnes","","Caterpillar","3508"
"SSS 2012","Mary D Odyssey","Austal","Austal","Mary D Enterprises","New Caledonia","January 2012","35.2m","","","","","MTU","12V 2000 M72"
"SSS 2012","Ocean Wave","Bollinger Shipyards","Jensen Maritime Consultants","Crowley Maritime Corp. Country........................................................... US","","September 2012","44.5m","","","1,600tonnes","","Caterpillar","C-280-12 Tier II"
"SSS 2012","Oceanic","Shipkits / Hartman","Hartman Marine / Conoship International","Global Seatrade / Amasus Shipping","Netherlands","July 2012","92.9m","12.5knots","","2,979tonnes","","Wärtsilä","6L20"
"SSS 2012","Owaijah II","Alnmaritec Ltd","Alnmaritec Ltd","SMIT","Qatar","February 2012","13.2m","42knots","","","","Cummins","QSC600"
"SSS 2012","Polaris","Barkmeijer Stroobos","Conoship International / Barkmeijer Stroobos / Groot Ship Design","Nederlands Loodswezen","Netherlands","October 2012","81.2m","16.5knots","","2,501tonnes","","Caterpillar","C32 / C18"
"SSS 2012","Preventer","Lochin Marine International","Amgram Ltd","Hampshire Police Authority","UK","September 2012","11.1m","27knots","","approx. 14tonnes","","Cummins","QSB5.9"
"SSS 2012","Sajo Columbia","Sungdong Shipbuilding &","Sungdong Shipbuilding &","","Korea","August 2012","79.56m","17knots","","1,014tonnes","","Niigata Power System","Niigata 8MG34HX"
"SSS 2012","Sanaborg","Royal Niestern Sander","Royal Niestern Sander","Wagenborg Offshore","Netherlands","August 2012","68.2m","13.6knots","","1,520tonnes","","Caterpillar","3516C – Tier II"
"SSS 2012","Signet Constellation","Trinity Offshore","Robert Allan Ltd","Signet Maritime","US","February 2012","30.48m","13.5knots","","479tonnes","","Caterpillar","C175-16"
"SSS 2012","Simon Stevin","Kocurek","Damen Shipyards / VLIZ","Shire Maritime","UK","May 2012","36m","","","","","Macduff Ship Design",""
"SSS 2012","","","“Many of the existing foreign designs in the marketplace were originally designed for operation in inland waters… [so] it was considered that a new, purpose-designed range of vessels could offer superior sea-keeping qualities, improved performance and more economical operating costs.”","","","July 2012","26m","","","","","Twin Disc",""
"SSS 2012","Vitus Bering","Arctech Helsinki Shipyard","Arctech Helsinki Shipyard","Sovcomflot","Finland","December 2012","99.9m","","","","","Wärtsilä","6L32 (x2) / 12V32 (x2)"
"SSS 2012","Vroon 01","DELTA Power Group","DELTA Power Group","Vroon Offshore Services","Netherlands","December 2012","10.06m","34knots","","","","Yanmar","6BY-260"
"SSS 2012","WARNEMÜNDE (NB 575)","N Sundin, Dockstavarvet","JB Seaform / Dockstavarvet","Wasser- und","Germany","December 2012","19.4m","25knots","","56tonnes","","Volvo Penta","D16-MH"
"SSS 2012","Wildcat 3","Blyth Workcats","Blyth Workcats","Wildcat Marine","UK","May 2012","17.5m","26knots","","18.38tonnes","","MAN Diesel","D2848 LE422-750"
"SSS 2012","Wind Servant","Mobimar Ltd","Pauli Immonen","Auramare Ltd","Finland","August 2012","18m","","","38tonnes","","MAN B&W","D2842LE410"
"SSS 2013","ANDA","Swede Ship Marine","","Kartverket","Norway","December 2013","11.15m","28knots","","","","Iveco","N67 ENT M45"
"SSS 2013","Astra G/ Aquarius G","Maaskant Shipyards Stellendam","Saltwater Engineering","Rederij Groen","The Netherlands","April / May 2013 2013 saw The Netherlands-based Damen","40m","","","499tonnes","","Caterpillar","C32 Acert"
"SSS 2013","Bert and Anneke Knape","Habbeké Shipyard","DSMG","KNRM","Holland","August 2013","9.15m","34knots","","4tonnes","","Volvo Penta","D6-435"
"SSS 2013","Borgøy","Sanmar","Marine Design","Buksér og Berging","Norway","October 2013","35m","","","757tonnes","","Rolls-Royce Bergen","33L6PG"
"SSS 2013","Calais Majest’In","Alumarine Shipyard","Stirling Design International","Syndicat Intercommunal des","France","May 2013","19.7m","","","","","Iveco",""
"SSS 2013","Deurloo","Baltic Workboats","Baltic Workboats","Belgium Vloot DAB","Belgium","July 2013","20.3m","30knots","","48tonnes","","Volvo Penta","D16"
"SSS 2013","Elizabeth Cook","Richardson Devine Marine","Incat Crowther","Captain Cook Cruises","Australia","November 2013","23.9m","24knots","","17.5tonnes","","Scania","DI13 070M"
"SSS 2013","Francisco","Incat Tasmania","Revolution Design","Buquebus","Uruguay","July 2013","99m","","","7,109tonnes","","GE","LM 2500"
"SSS 2013","Grampian Sovereign","Astilleros Balenciaga","OSD-IMT","Craig Group / North Star Shipping","UK","May 2013","83.2m","14knots+","","3,104tonnes","","Caterpillar","MaK 9M20"
"SSS 2013","Isefjord","Western Marine Shipyard","Jorgen Petersen Ltd / Norman Marine","Hundested-Rorvig Faergefart","Denmark","February 2013","51m","14knots","","475tonnes","","Cummins","QSK19 MCRS"
"SSS 2013","Jin Gang Lun 26","Shanghai Harbour","Robert Allan Limited","Tianjin Port","China","November 2013","35m","14.3knots","","583tonnes","","Daihatsu","8DKM-28eF"
"SSS 2013","Jock and Annie Slater","SAR Composites / Berthon Boat Company","RNLI FCB2 Project Team","RNLI","UK","July 2013 2013 saw the delivery of the UK Royal National","13.6m","25knots","","","","Scania","DI13 072M"
"SSS 2013","Luigi Dattilo","Fincantieri","Fincantieri","Comando Generale del Corpo delle Capitanerie di Porto – Guardia Costiera Italiana","Italy","September 2013","94.2m","18knots","","3,990tonnes","","General Electrics","GE 12V 228"
"SSS 2013","MYA II","Fassmer","Fassmer","Alfred-Wegener-","Germany","July 2013","21.68m","","","75tonnes","","MAN B&W","D2876 LE 407"
"SSS 2013","OCEAN TundRA","Ocean Industries","Robert Allan Ltd","Ocean Group","","December 2013","36m","14knots","","708tonnes","","MAK","9M25C"
"SSS 2013","","Chantier Naval Forillon","Navtech Inc. Vessel’s n ame ................................ Peter Fraser","Société des traversiers du Québec","Canada","September 2013","33.6m","","","291.8tonnes","","Volvo Penta","D16MG"
"SSS 2013","Proteus of Liverpool","Blyth Workcats","Blyth Workcats","Osiris Projects","UK","October 2013","14m","24knots","","13.41tonnes","","Cummins","QSC 8.3"
"SSS 2013","Response Boat Medium-C","Kvichak Marine Industries","Camarc Design","L.A County Sherriff’s","US","August 2013","13.4m","","","","","Detroit Diesel","60-series"
"SSS 2013","Sea Breeze","Danish Yachts","Danish Yachts / Hauschildt Marine","Odfjell Wind / A2SEA","Denmark","April 2013","24.76m","23knots","","243.8tonnes","","MTU","10V2000M72"
"SSS 2013","SEACOR Lynx","Gulf Craft","Incat Crowther","SEACOR Marine","","June 2013","58.6m","42knots","","495.7tonnes","","MTU","16V4000 M73L"
"SSS 2013","Sea Fox","Navalu","Navalu","Enviro-serve Ltd","UK","October 2013","24m","26knots","","195tonnes","","Doosan","4v158"
"SSS 2013","Shanna","Strategic Marine Vietnam","Sea Transport Solutions","National Ferries Company","Oman","November 2013","45.8m","18knots","","649tonnes","","Caterpillar","C18"
"SSS 2013","SM16","SOLAS Marine Lanka (Sri Lanka) / SOLAS Marine Group (UAE)","Albatross Marine Design","Indian Navy","India","March 2013","16.3m","50knots","","","","Caterpillar","C-18"
"SSS 2013","SRA 750","Zodiac Milpro","Zodiac Milpro","French Navy","France","July 2013","7.36m","45knots","","","","On demand for IO engines",""
"SSS 2013","Sverri","Safehaven Marine","Frank Kowalski","Faroe Islands Rescue Service","Faroe Islands","August 2013","14.5m","30knots","","","","Volvo Penta","D11"
"SSS 2013","CTruk THOR","CTruk","CTruk","CTruk","UK","","11m","40knots","","","","Yanmar","8LV"
"SSS 2013","Waterspreeuw","Damen Shipyards Hardinxveld","Damen Shipyards Hardinxveld","Waternet Amsterdam","The Netherlands","May 2013","13.5m","8.6knots","","","","Steyr","SE196E35"
"SSS 2013","Yutaka Maru No. 8","Kyokuyo Shipyard Corporation","Kyokuyo Shipyard Corporation","Toyotsuru Kaiun","Japan","March 2013","97.03m","","","2,947tonnes","","Akasaka Diesels","A38SR"
"SSS 2013","Zeycan Y","Sanmar","Robert Allan Limited","Gemport","Turkey","July 2013","24.4m","12knots","","","","CAT","3512"
"SSS 2014","Ampere","Fjellstrand / Aluship","","Norled","Norway","January 2015","80.8m","Approx 14knots","","","","Rolls-Royce AZP 085",""
"SSS 2014","AS14","Aurora Ltd. Designer.................... Albatross Marine Design","0.8m","Emergency Medical","Russian Federation","September 2014","15.3m","45knots @ full load","","","","Seatec","Seatec850Plus"
"SSS 2014","Atco Noura","Tor Marine","Macduff Ship Design","ATCO","Kingdom of Saudi Arabia","October 2014","45m","32knots","","371tonnes","","Caterpillar","3516"
"SSS 2014","Baltika","Shipyard Yantar JSC (blocks) / Arctech Helsinki Shipyard (hull assembly, outfitting, painting and commissioning)","Arctech Helsinki Shipyard, based on the AKER ARC 100 concept by Aker Arctic Technology","Russian Federal","Russian Federation","December 2014","76.4m","14knots","","3,800","","Wärtsilä","Wärtsilä 9L26"
"SSS 2014","Bhagwan Dryden","Keppel Singmarine","Incat Crowther","Bhagwan Marine","Australia","June 2014","56.8m","13knots@100% MCR (with 200tonnes dwt)","","1,500tonnes","","Cummins","QSK-38-M Tier II"
"SSS 2014","Bugsier 7","Fassmer","Fassmer","Bugsier-Reederei- und","Germany","June 2014","31.5m","13knots","","440tonnes","","Anglo Belgian Corporation","12 DZC"
"SSS 2014","Burrard Otter II","Damen Shipyards (Singapore)","Robert Allan Ltd","Coast Mountain","Canada","October 2014","34.29m","13.5knots","","438tonnes (approx)","","MTU/Detroit Diesel","Series 60 – 6062HK36"
"SSS 2014","Chowgule 7","Shipbuilding Division, Chowgule and Company Private Limited","Groot Ship Design","Chowgule and Company","India","September 2014","67.2m","","","1,335tonnes (net tonnage 421tonnes )","","Volvo Penta, combined with ZF . deck-mounted Azimuth thrusters",""
"SSS 2014","CWind Sword","CTruk","CTruk","CWind and Ventus Workboats","UK","December 2014","22m","28knots","","34.6tonnes","","Volvo","D12-1800 MC"
"SSS 2014","Eddy1","Holland Shipyards","Eddy Tug","URAG","Germany","June 2014","30.3m","13.4knots","","399tonnes","","Mitsubishi","S16 R"
"SSS 2014","Elida","Hyundai Mipo Dockyard","Hyundai Mipo Dockyard","BP Shipping","UK","January 2014","97.08m","300rpm","","5,160tonnes","","Rolls-Royce","33L6A"
"SSS 2014","HB Hydra","Uzmar Shipbuilding","Robert Allan Ltd","Hidrovias do Brasil","Paraguay","Q2 2014","45.6m","13knots (free-running)","","1,250tonnes","","Wärtsilä","9L20"
"SSS 2014","Horizon 9","Penguin Shipyard International","BMT Nigel Gee Ltd","Horizon Ferries","Singapore","September 2014","38.5m","29knots","","428tonnes","","Caterpillar","C32 ACERT"
"SSS 2014","Investigator","Teekay Holdings Australia / Sembawang Shipyard Pte","RALion (Robert Allan Ltd and Alion","Commonwealth Scientific and","Australia","July 2014","93.9m","15knots, 90% MCR SS2","","5,637tonnes","","MAK","9M25C"
"SSS 2014","Jeddah 53","Tor Marine","Macduff Ship Design","Saudi Port Authority","Kingdom of Saudi Arabia","January 2014","46m","","","496tonnes","","Caterpillar","C18 ACERT"
"SSS 2014","Karina","Shipyard De Hoop","De Hoop","In negotiations","","July 2014","55.17m","","","493","","Caterpillar","Caterpillar 3516C"
"SSS 2014","Metal Shark 45'","Metal Shark Boats","Bill Preston","Canaveral Pilots Association","US","December 2014","14.63m","25knots","","","","John Deere","13Liter 613SFM75 M-4"
"SSS 2014","Mikotahi","Q-West Boat Builders","Camarc Design","Port Taranaki Ltd","New Zealand","May 2014","19.5m","30knots","","","","Scania","Di16 072M"
"SSS 2014","Munin S1200","Incat Tasmania","Norsafe","Caspian Marine Services","Azerbaijan","September 2014","70m","36knots","","","","MTU","MTU 16V4000 M73L"
"SSS 2014","NH 1816","Damen Shipyard (Gorinchem)","W. de Vries-Lentsch","Royal Netherlands","The Netherlands","February 2014","19.3m","31knots","","","","MTU","8V2000M84L"
"SSS 2014","Pacific Leader","Japan Marine United","Offshore Ship Designers","Swire Pacific","Singapore","April 2014","97.29m","15knots","","5,179tonnes","","MAN","6L27/38"
"SSS 2014","Seacat Intrepid","South Boats Isle of Wight Ltd","South Boats Isle of Wight Ltd","Seacat Services Ltd","UK","October 2014","26.77m","27knots","","108tonnes","","MTU","12V2000 M72"
"SSS 2014","SMV 1","Mustang Marine","Supacat / Incat Crowther","James Fisher Marine Services","UK","March 2014","25.5m","","","85.22tonnes","","MAN","D2862-LE463"
"SSS 2014","Spirit of the Sound","Robert E Derecktor Inc","Incat Crowther","The Maritime Aquarium","US","September 2014","19.2m","12knots@100% MCR","","","","Northern Lights","L0164A"
"SSS 2014","Susie S","Damen","Damen","Windwave Workboats","UK","June 2014","19.7m","26knots","","39.42tonnes","","MTU","8V 2000 M72"
"SSS 2014","Thaiyak","Strategic Marine","MMD Naval Architects","Australian Customs & Border Protection","Australia","June 2014","40m","13knots","","589tonnes","","Caterpillar","C32"
"SSS 2014","The Next Episode","Wim Van der Valk","Guido de Groot","Confidential","Confidential","May 2014","27.2m","25knots","","","","Volvo Penta","IPS-1200 EVC-EC D13-900"
"SSS 2014","Thea","Alnmaritec Ltd","Alnmaritec Ltd","Fugro","UK/UAE","April 2014","8.56m","15knots","","","","Steyr","MO144 M38"
"SSS 2014","Zeeaster","Baltic Workboats","Baltic Workboats","DAB Vloot","Belgium","August 2014","14.7m","22knots","","30tonnes","","Volvo","D-9"
"SSS 2015","Alusafe 1100 FIC","Maritime Partner","","Maritime Partner","Norway","N/A","11.3m","60knots","","3.5tonnes","","Mercury","Verado 400"
"SSS 2015","Alya McCall","Gulf Craft","Incat Crowther","Seacor Marine","US","October 2015","62.8m","38knots","","98tonnes","","Cummins","QSK-60"
"SSS 2015","Alysée","Alnmaritec Ltd","Alnmaritec Ltd","Offshore Shellfish Ltd","UK","May 2015","15.2m","20knots","","","","Cummins","QSC8.3"
"SSS 2015","August Nærø","Dockstavarvet","Petter Håkansson","Norwegian Navy","Norway","June 2015","21.55m","48knots","","50tonnes","","MTU","10V2000M94"
"SSS 2015","Benreoch","Veecraft Marine","Incat Crowther","Africa Diving Services","Nigeria","May 2015","30.35m","30knots","","162tonnes","","Caterpillar","Acert C32"
"SSS 2015","","Wang Tak Engineering &","Shanghai Chizhou Marine Tech. Ltd. Vessel’s name ..............................Clean Harbour 1, Clean Harbour 2","Drainage Services","China","March 2015","69.9m","11knots","","2,190tonnes","","Caterpillar","C32 /C18"
"SSS 2015","Curtis Marshall","B Marshall Marine Ltd","S C McAllister","B Marshall Marine Ltd","UK","March 2015","26m","12.5knots","","110.97tonnes","","Doosan","4V158TIH"
"SSS 2015","Ernst Meier-Hedde","Fassmer","Lütten / Freese","Deutsche Gesellschaft zur","Germany","May 2015","27.9m","24knots","","","","MTU","16V 2000 M72"
"SSS 2015","Gobbler 290","Gobbler Boats Ltd","Gobbler Boats Ltd / Laurent Giles Ltd","Gobbler Boats Ltd","UK","N/A","8.85m","23knots","","3.75tonnes","","","300b"
"SSS 2015","Gustav AF Klint","Dockstavarvet","Petter Hakanson Marine /DV","Swedish Maritime","Sweden","June 2015","17.6m","12knots","","78tonnes","","Volvo Penta","D16"
"SSS 2015","Heliotrope 48","Bakricono Shipyard","Albatross Marine Design","Undisclosed","Thailand","September 2015","14.75m","23knots","","","","Steyr","SE266S36"
"SSS 2015","Iceni Venture","South Boats IOW","South Boats IOW","Iceni Marine Services","UK","April 2015","22.8m","30knots","","106.6tonnes","","MAN","12v"
"SSS 2015","Idar Ulstein","Swede Ship Marine","Swede Ship Marine","Redningsselskapet","Norway","October 2015","22m","38knots","","66tonnes","","MTU","12V2000 M84"
"SSS 2015","Karoline","Selfa Arctic","Selfa Arctic","Øra AS","Norway","October 2015","10.99m","","","","","ZF",""
"SSS 2015","L’escapade","Alumarine Shipyard","DN&T","Communauté de Communes des 2 Vallées","France","August 2015","27.8m","10knots (diesel mode)","","","","Volvo Penta / Transfluid",""
"SSS 2015","London Titan","Manor Marine","Macduff Ship Design","Port of London Authority","UK","June 2015","36.5m","12knots","","428tonnes","","Caterpillar","C32"
"SSS 2015","Maplin","CTruk Boats","CTruk Boats","Port of London Authority","UK","January 2016","17m","24knots","","26.5tonnes","","Volvo Penta","DI3-700"
"SSS 2015","Neil Armstrong","Dakota Creek Industries","Guido Perla & Associates (GPA)","UNOLS / US Navy / Woods","US","July 2015","72.54m","12.8knots","","2,602.9tonnes","","Cummins","QSK38 DM"
"SSS 2015","Ocean Eagle 43","CMN Cherbourg","Nigel Irens Design / CMN Cherbourg","","Mozambique","TBC","43.6m","30knots","","140tonnes","","Scania","DI 13 070M"
"SSS 2015","Ormsö","Baltic Workboats","Baltic Workboats","Estonian Maritime","Estonia","May 2015","45m","13.5knots","","926tonnes","","MTU","8V 4000 M63"
"SSS 2015","OSSOY","Sinopacific Shipbuilding Group","Shanghai Design Associates (SDA)","Femco Group","Russia","April 2015","72m","16.3knots","","2,721tonnes","","Rolls-Royce Marine","40L9PCD"
"SSS 2015","Pelican Pride","Penguin Shipyard International","Penguin Shipyard International","Pelican Offshore Services","Singapore","Q2 2015","45m","27knots","","352tonnes","","Baudouin","12M26.2 (IMO Tier 2)"
"SSS 2015","Prince Job I","Shipyard De Hoop","Shipyard De Hoop","Awaritse","Nigeria","March 2015","68.45m","12knots","","1,847tonnes","","Caterpillar","C32 (x2), C18 (x2)"
"SSS 2015","RT Emotion","Damen Shipyards Hardinxveld","Robert Allan Ltd","Elisabeth Ltd/ KOTUG","Malta","June 2015","31.95m","13.1knots","","498tonnes","","Caterpillar","3512C TA/HD+"
"SSS 2015","Sistac Vitoria","SeaSafe Barcos Manufaturados","Incat Crowther","Sistac Sistemas De Acesso","Brazil","February 2015","42.5m","15knots","","","","Scania","DI13"
"SSS 2015","Tai Pari","Hin Lee (Zhuhai) Shipyard Co, Ltd (Cheoy Lee)","Robert Allan Ltd","The Port of Tauranga","New Zealand","June 2015","24.4m","13knots","","310.4tonnes","","Caterpillar","3516C HD"
"SSS 2015","Trearddur Bay","Aluminium Marine Consultants","BMT Nigel Gee","Turbine Transfers","UK","January 2015","21.2m","27knots","","65tonnes (max)","","MTU","10V 2000M72"
"SSS 2015","Trident","Geo Shipyard, Inc","Roger Fyffe","Texas A&M University","US","May 2015","19.8m","23knots","","92tonnes","","Scania","DI 13 070"
"SSS 2015","Umoe Ventus","Umoe Mandal","Umoe Mandal","Umoe Wind","Norway","March 2015","27.2m","42knots","","217tonnes","","MTU","2000 16V M72"
"SSS 2015","","Sanmar Shipyard","Robert Allan Ltd. Vessel’s name .....................................Yeniçay 1","Sanmar","Turkey","January 2015","18.7m","12knots","","146tonnes","","Caterpillar","C32"
"SSS 2016","AHTO-14","Baltic Workboats","","Eesti Loots AS (Estonian Pilot Ltd)","Estonia","December 2015","14.95m","27knots","","32tonnes","","Volvo","D13"
"SSS 2016","Al Mubshir","Austal Australia","Austal Australia","Royal Navy of Oman","Oman","May 2016","72.5m","40knots","","3,475tonnes","","MTU","20V 4000"
"SSS 2016","Albert Nile-1","Damen","Damen","Uganda National Roads","Uganda","May 2016","42.4m","8.9knots","","149tonnes","","Perkins","1006-6TW"
"SSS 2016","Atlantic Pioneer","Blount Boats, Inc","South Boats IOW","Atlantic Wind Transfers","US","April 2016","21.4m","30knots","","80tonnes","","MAN","D2862LE466"
"SSS 2016","Bøkfjord","Hvide Sande Shipyard, Steel & Service","HVSA / OSK-ShipTech","Kystverket","Norway","August 2016","44m","13.5knots","","935tonnes","","Caterpillar","C32"
"SSS 2016","CRC Galaxy","Ribcraft /Goodchild Marine","Bruce Sexton-Barrow","Commercial Rib Charter","UK","June 2016","15m","35knots","","12tonnes","","Volvo Penta","D6 435"
"SSS 2016","Electra af Askö","Baltic Workboats","Baltic Workboats","Stockholm University","Sweden","June 2016","24.3m","12knots","","182tonnes","","Volvo Penta","D16 MH"
"SSS 2016","Embla","Rafnar","Össur Kristinsson/Páll Einarsson","Rafnar","Iceland","Classified","11.1m","42knots","","11.02tonnes","","Evinrude","E-TEC G2"
"SSS 2016","Evolution","Marine Engineering Consultants","Incat Crowther","Down Under Cruise and Dive","Australia","February 2016","33.65m","","","297tonnes","","MAN","D2862 LE463"
"SSS 2016","Fosna Triton","Maritime Partner","Maritime Partner","Abyss Aqua","Norway","May 2016","15.8m","35knots","","18.7tonnes","","Scania","DI13"
"SSS 2016","Galactica Super Nova","Heesen Yachts","Heesen Yachts / Espen Øino / Sinot","Not specified","US","2016","70.07m","30knots @50% load","","1,200tonnes","","MTU","20V 4000 M93L / 16V 4000 M93L"
"SSS 2016","Harvey Stone","Eastern Shipbuilding Group","Robert Allan Ltd","Harvey Gulf","US","August 2016","64.8m","14knots","","2,315tonnes","","GE","12V250MDC"
"SSS 2016","Holmøy","Construcciones Navales Paulino Freire","Rolls-Royce Marine","Prestfjord Havfiske","Norway","March 2016","69.7m","17.8knots","","3,317tonnes","","Bergen","B33/45L9P"
"SSS 2016","Luisa Neri","Damen Shipyards Group","Damen Shipyards Group","Fratelli Neri S.p.A Livorno","Italy","January 2016","32.7m","14.3knots","","453tonnes","","Caterpillar","3516C HD+ TA/D"
"SSS 2016","Multi Transportation","Bakri Cono Shipyard","Albatross Marine Design","Royal Sands Koh Rong","Thailand / Cambodia","October 2016","15.95m","25-30knots (dependent on engine)","","","","Steyr","SE286E40"
"SSS 2016","Noordzee","Damen Shipyards Group","Damen Shipyards Group","Royal Netherlands Navy","Netherlands","February 2016","28.67m","13.2knots (main engines) 8.7knots (generator) 4.8knots (batteries – 1hr max)","","<300tonnes","","MTU","16V4000M63R"
"SSS 2016","","","","","","","","","","","","ABB","M3LP450"
"SSS 2016","Pacific Titan","Hung Seng Shipbuilding (under supervision of East","Sea Transport / East Coast","East Coast Maritime Pty Ltd","Australia","January 2017","25.8m","12.7knots","","212tonnes","","Yanmar","6EY17W"
"SSS 2016","PETRA-1","Triangle Shipyard","Camarc Design","Marine Core & Charter","Dubai","February 2016","45m","30+knots","","304tonnes","","CAT","C32"
"SSS 2016","Protector","Foss Shipyard","Robert Allan Ltd","Port of Long Beach / Long","US","February 2016","32.9m","13knots","","454tonnes","","Caterpillar","3512C"
"SSS 2016","QE IV","Gold Coast Yachts, Inc","Gold Coast Yachts, Inc / Warren Mosler","Warren Mosler","US","August 2016","31.45m","22knots","","","","Cummins","QSB6.7"
"SSS 2016","Ratayapibanbancha / Arcarachwaratorn","Sea Crest Marine","Incat Crowther","Royal Thai Police","Thailand","July 2016","26.2m","34knots","","","","MAN","12V D2562 LE453"
"SSS 2016","Red Jet 6","Shemara Refit LLP (now Wight Shipyard Co.)","One2three Naval Architects","Red Funnel","UK","July 2016","40.7m","","","363tonnes","","MTU","10V 2000 M72"
"SSS 2016","","BAE Systems Jacksonville","Guido Perla & Associates, Inc. Vessel’s name.................................... Sea Power","SEACOR","US","August 2016","43m","15knots","","1,301tonnes","","Wärtsilä","W8L32"
"SSS 2016","Selkie","Macduff Shipyards Ltd","Macduff Ship Design Ltd","Moray Council, Scotland","UK","May 2016","25.7m","","","212tonnes","","Caterpillar","C18 Acert"
"SSS 2016","Shi Zi Yang 7","Wang Tak Engineering &","Wang Tak / Guangdong","Dongguan Humen Longwei","China / Hong Kong","January 2017","41.9m","32knots (lightship)","","387tonnes","","MTU","12V 2000M72"
"SSS 2016","Skansen","Maritime Partner","Maritime Partner","Ålesund Harbour","Norway","April 2016","14.99m","30knots","","18.7tonnes","","Volvo Penta","D9"
"SSS 2016","St Francis","Vigor Fabrication LLC","Jensen Maritime Consultants","San Francisco Fire","US","July 2016","26.8m","12knots","","207tonnes","","Cummins","QSK 19"
"SSS 2016","T. Servis 1","RMK Marine – Tuzla","Macduff Ship Design","Unknown","Turkey","February 2016","14.9m","16knots","","39tonnes","","Volvo Penta","D16"
"SSS 2016","Telstar","Holland Shipyards","Eddy Tug","Iskes Towage and Salvage","Netherlands","October 2016","25.45m","13.5knots","","303tonnes","","Mitsubishi","S16R2"
"SSS 2016","Tempest","Aluminium Marine","AMC","CWind","UK","January 2016","22.5m","28knots","","51.7tonnes","","MTU","10V 2000 M72"
"SSS 2016","Vision of the Fjords","Brødrene Aa","Brødrene Aa","The Fjords","Norway","July 2016","42.04m","18knots","","753tonnes","","MAN","D2862 LE422"
"SSS 2016","","","","","","","","","","","","Oswald permanent-magnetic electric engines",""
"SSS 2016","Zeeleeuw","Baltic Workboats","Baltic Workboats","Agentschap Maritieme","Belgium","October 2016","22m","23knots","","64tonnes","","Volvo Penta","D16 MH"
"SSS 2017","","WaterBridge Steel Inc. Designer...........Capilano Maritime Design Ltd. Vessel’s name.............................. Adams Lake II","","Canada","","May 2017","30m","","","158tonnes","","John Deere","4045 AFM"
"SSS 2017","Aditya","Navgathi Marine Design & Construction","NavAlt Solar & Electric Boats","Kerala State Water","India","January 2017","21.18m","7.5knots(2 x18kW@700rpm)","","39tonnes","","NiAlBr",""
"SSS 2017","Alusafe 1200 TWJ FRDC","Maritime Partner","Maritime Partner","Havila Shipping","Norway","November 2017","12m","34knots","","","","Volvo Penta","D6"
"SSS 2017","Antarctic","Atlas Tersanecilik","Offshore Ship Designers","Stream Shipping Ltd","Russia","August 2017","66.29m","12knots","","1,526tonnes","","Cummins","QSK60-M"
"SSS 2017","BAP Carrasco","Construcciones Navales Paulino Freire","Skipsteknisk","Marina de Guerra del Peru","Peru","March 2017","95.3m","16.5knots","","5,716tonnes","","Caterpillar","Cat 3516C"
"SSS 2017","Bravo 72","Cheoy Lee Shipyards Ltd. Designer................................Howard Apollonio (naval architecture) / Gurit (Asia-Pacific) Ltd, New Zealand (structural engineering) / Sylvia Bolton (interior design)","1.5m","Cheoy Lee Shipyards","US","December 2016","23.44m 21.95m (excluding stern platform)","28knots","","","","Volvo Penta","IPS1050"
"SSS 2017","Carson Interceptor 950","Probond Marine Ltd","Barry Carson","Probond and others","UK","April 2017","9.5m","70knots (approx.)","","","","Up to customer","Up to customer"
"SSS 2017","Dithmarschen","N Sundin Dockstavarvet","N Sundin Dockstavarvet","Generaldirektion","Germany","December 2017","28.5m","14.3knots","","120tonnes","","Caterpillar","C32"
"SSS 2017","Dux","Astilleros Gondán","Robert Allan Ltd","Østensjø Rederi AS","Norway","May 2017","40.2m","15knots","","1,056tonnes","","Wärtsilä","6L34DF"
"SSS 2017","Elbphilharmonie","Pella Sietas","Pella Sietas / SDC","HADAG Seetouristik und","Germany","April 2017","29.98m","","","","","Scania","DI13"
"SSS 2017","Elektra","Crist S.A","Stogda (outline by Deltamarin)","FinFerries","Finland","June 2017","97.92m","","","1,275tonnes","","Scania","DI16 075M"
"SSS 2017","Emmanuel","Crisp Bros & Haywards","Møre Maritime","De Bruyn Transport","Australia","August 2017","36m","11.7knots","","672tonnes","","Cummins","KTA-38"
"SSS 2017","Forth Hope","D Abels Bristol (hull & machinery) / Babcock Marine Rosyth (outfitting)","RW Marshall, FRINA","Vine Trust","UK","July 2017","35m","10.2knots","","327tonnes","","Caterpillar","C12"
"SSS 2017","Hydroville","BW Seacat Ltd","Iain Worrallo/Steven Lee","CMB Technologies","Belgium","November 2017","14m","23knots","","21tonnes","","Volvo","D4 300"
"SSS 2017","John L. Behan","Silver Ships, LLC","Silver Ships, LLC","Montauk Fire Department and partners","US","July 2017","12.8m","45knots+","","","","Yamaha",""
"SSS 2017","Jupiter Clipper / Mercury Clipper","Wight Shipyard Co. Designer............... One2three Naval Architects","","MBNA Thames Clippers","UK","June /August 2017","35.37m","","","","","Scania","DI16 072M"
"SSS 2017","Klara 1","Tuco Marine","Tuco Marine","AKVA","Norway","July 2017","14.9m","34.8knots","","12.8tonnes","","Volvo Penta","D11"
"SSS 2017","Lunch Box","Horizon Shipbuilding","Incat Crowther","Hornblower Cruises","US","April 2017","26m","27knots","","","","Baudouin","6M26.3 (P3 rated)"
"SSS 2017","Marcap Tam 1 / Marcap Tam 2","Tor Marine","Macduff Ship Design","Saudi MarCap","Saudi Arabia","March 2017","27m","18.1knots","","146tonnes","","Yanmar","12 AYM – WGT"
"SSS 2017","MO4","Aluminium Marine Consultants Ltd","Walker Marine Design Ltd","Mainprize Offshore Ltd","UK","July 2017","22.59m","28knots","","68.36tonnes","","Caterpillar","C32"
"SSS 2017","MS Diamant","Shiptec AG","Shiptec AG","Schiffahrtsgesellschaft des Vierwaldstättersees","Switzerland","May 2017","63.5m","16.5knots","","","","Scania","DI 13 070M"
"SSS 2017","","","","","","","","","","","","Siemens","1FV5168"
"SSS 2017","Murjan 40","Damen Shipyards","Damen Shipyards","Murjan Al-Sharq","Saudi Arabia","August 2017","19.05m","9.2knots","","98tonnes","","Caterpillar","C-18 TA/B"
"SSS 2017","PA72","Composite Shipbuilding","Albatross Marine Design","Private and government","Russia","August 2017","7.2m","37knots","","3.29tonnes","","Outboard engines",""
"SSS 2017","RT Borkum","Padmos Stellendam","Robert Allan Ltd","Rotortug","The Netherlands","May 2017","15m","10knots","","94tonnes","","Scania","DI09 070M"
"SSS 2017","SEACOR Puma/ SEACOR Panther","Astilleros Armon","Incat Crowther","SEACOR Marine","","September 2017","57.3m","42knots","","","","Cummins","QSK 95"
"SSS 2017","Sleypnir","Rafnar","Össur Kristinson/ Páll Einarsson","Rafnar","Iceland","January 2018","8.5m","30knots","","","","Volvo Penta",""
"SSS 2017","Spirit of Rathlin","Arklow Marine Services","Argyll Maritime Design Services","","UK","January 2017","28.17m","10.5knots","","105.03tonnes","","Scania","DI13 071M"
"SSS 2017","TCSG-902","Damen Shipyards","Damen Shipyards","Turkish Coast","Turkey","June 2017","19.45m","33knots+","","45tonnes","","MTU","8V2000M84L 1D"
"SSS 2017","Thunder Child","Safehaven Marine","Frank Kowalski","Safehaven","Ireland","N/A","17.5m","54knots","","","","Caterpillar","C 12.9"
"SSS 2017","USV Maxlimer","Hush Craft Ltd","Hush Craft Ltd","Sea-Kit International","UK","September 2017","11.75m","8knots","","","","Hushcraft Hybrid System","Custom (DC generators)"
"SSS 2018","Armand-Imbeau II","Chantier Davie Canada Inc. Designer..................................... Concept Naval","4.5m","Société des Traversiers du Québec","Canada","June 2018","92m","","","2,867tonnes","","Wärtsilä","6L20 DF / 9L20 DF"
"SSS 2018","Bürgenstock","Shiptec AG","Shiptec AG","Schiffahrtsgesellschaft des Vierwaldstättersees","Switzerland","April 2018","38m","19knots","","","","Scania","DI16 070M"
"SSS 2018","Cap de Fer","Cantiere Navale Vittoria","Mes Engineering","Enterprise portuaire de Skikda","Algeria","March 2018","26m","12.5knots","","340tonnes","","ABC","6 DZC"
"SSS 2018","Clean Jacksonville","Advanced Aerodynamic Vessels","Bristol Harbor Group","Peschaud International","Gabon","January 2018","15.64m","44knots","","61.07tonnes","","Scania","DI13 072M"
"SSS 2018","Dame Vera Lynn / Ben Woollacott","Remontowa Shipbuilding SA","Keel Marine Ltd (concept) / LMG Marin (detail)","Transport for London / Briggs Marine Contractors","UK","November 2018","62.6m","9.5knots","","1,750tonnes","","Cummins","QSK19"
"SSS 2018","EcoCat","Metaltec Naval","m2 Ingenieria","Commercial Marine","Spain","October 2018","18.25m","9.5knots","","78.48tonnes","","Torqeedo","Deep Blue 80i"
"SSS 2018","Edda Mistral","Gondán Shipbuilders","Rolls-Royce Marine","Østensjø Rederi A/S","Norway","August 2018","82m","13.5knots","","4,873tonnes","","MTU","16V4000 M63L"
"SSS 2018","Enhydra","All American Marine","Teknicraft Design","Red and White Fleet","US","August 2018","39.3m","13.6knots","","<100tonnes (USCG definition)","","Cummins","QSL9"
"SSS 2018","Fregate","Damen Shipyards","Damen Shipyards","Dutch Dredging De Boer / Iskes Towage & Salvage","French Guiana","May 2018","29.2m","12.2knots","","434tonnes","","Caterpillar","Type 3512 C"
"SSS 2018","Global Provider","Jesse Engineering","Elliott Bay Design Group","Maxum Petroleum","US","March 2018","39.62m","11.5knots","","99tonnes","","Cummins","QSK 19M"
"SSS 2018","Halunder Jet","Austal Philippines","Austal Ships Pty Ltd","Larouzio Shipping","Germany","April 2018","56.4m","36knots","","1,231tonnes","","MTU","16V4000M63L"
"SSS 2018","HMS Magpie","Safehaven Marine","Frank Kowalski","Royal Navy","UK","May 2018","19m","25knots","","","","Yanmar","6AYM"
"SSS 2018","Jiang Men","Wang Tak Engineering &","Incat Crowther","Jiang Men Hong Kong","China","July 2018","40m","","","386tonnes","","MTU","12V2000M72"
"SSS 2018","Mary Anning","Blyth Catamarans","Blyth Catamarans","Swansea University","UK","December 2018","18.5m","28.4knots","","","","MAN","V8-1000"
"SSS 2018","","Med Marine (Eregli Shipyard)","Robert Allan Ltd. Vessel’s name.....................................Med XXIV","Med Marine","Turkey","June 2018","23m","","","289tonnes","","Caterpillar","3512C"
"SSS 2018","Munin S1200 Open","Norsafe","Norsafe","Norsafe","Norway","N/A","12.03m",">65knots (depending on propulsion system)","","","","Vetus",""
"SSS 2018","OPH/969/D","Ophardt Maritim","Norson Design Works","German Government Agency","Germany","March 2018 (first vessel)","9.69m","60knots","","","","300 Yamaha / 400 Mercury",""
"SSS 2018","Pacifico Voyager","Composite Shipbuilding","Albatross Marine Design","Private client","Russia","September 2018","19.9m","18knots","","","","Doosan","L 126 TIM"
"SSS 2018","Raju","Baltic Workboats","Baltic Workboats","Estonian Police and","Estonia","August 2018 2018 saw battery power adopted by a wide range of vessel types, from fishing boats and fast ferries to offshore support vessels. Joining this user base was the Estonian Police and Border Guard","44.6m","27knots 12knots (pure electric mode)","","445tonnes","","MTU","16V4000M63"
"SSS 2018","Red Jet 7","Wight Shipyard Co. Designer ............................................One2three","1.30m","Red Funnel","UK","July 2018","40.73m","","","","","MTU","10V2000M72"
"SSS 2018","","","","","","","","","","","","HamiltonJet HM571",""
"SSS 2018","RPA 8","Scheepswerf Gebr. Kooiman","Kooiman Engineering","Port of Rotterdam NV","Netherlands","January 2018","25m","18.9knots","","","","MAN Rollo","D2676LE424"
"SSS 2018","R/V Virginia","Meridien Maritime","JMS Naval Architects","Virginia Institute of","US","September 2018","28.35m","11.1knots","","253tonnes","","Cummins","QSK 19M"
"SSS 2018","Scotia","Macduff Ship Yard","Macduff Ship Design","ABP","Scotland","January 2018","12.75m","12.2knots","","","","John Deere","6068SFM85"
"SSS 2018","Sea Puffin 1","Esbjerg Shipyard A/S","ESNA AS","WindPartner AS","Norway","July 2018","15.9m","25knots","","27tonnes","","Cummins","QSB6.7M"
"SSS 2018","Seastreak Commodore","Gulf Craft LLC","Incat Crowther","Seastreak LLC","US","March 2018","45m","38knots","","86.6tonnes","","MTU","12V4000M64"
"SSS 2018","Sigrid Dunlap","Hansen Boat Company","Hockema Whalen","Dunlap Towing Company","US","June 2018","37.03m","14.5knots","","559tonnes (193tonnes, US Regulatory)","","Caterpillar","C175-16"
"SSS 2018","Spirit of the Wild","Richardson Devine Marine","Incat Crowther","Gordon River Cruises","Australia","June 2018","33.3m","25knots","","","","MTU","10V2000M72"
"SSS 2018","","ASL Marine Ltd. Designer................................. Robert Allan Ltd. Vessel’s name............................. Strait Sentinel","2.75m","Western Canada Marine","Canada","September 2018","25m","10.7knots","","278tonnes","","Caterpillar","C9.3"
"SSS 2018","Unithai Chumporn","Unithai Shipyard and Engineering Ltd","OSD-IMT","Unithai Offshore Ltd. Country..................................................Thailand","","August 2018","49.98m","13knots","","1,340tonnes","","Niigata","8L28HX"
"SSS 2018","Victoria of Wight","Cemre Marine Industries","Houlder Ltd / Deltamarine","Wightlink","UK","July 2018","89.7m","13knots","","8,200tonnes","","Wärtsilä","6L20"
"SSS 2019","Atlantic Titan","Shipbuilding Asia","Macduff Ship Design Ltd","Hill Enterprises Ltd / Steve Piercey","Canada","June 2019","","10.5knots","","499tonnes","","Yanmar","6EY 17W"
"SSS 2019","Bremen","Baltic Workboats","Baltic Workboats","General Directorate of","Germany","April 2019","23.99m","25knots","","91tonnes","","MTU","MTU 8V 2000 M72"
"SSS 2019","Chasewell","Wight Shipyard Co. Designer..................................Chartwell Marine","0.7m","TBC","UK","Completed June 2019","9.64m","27.5knots","","4tonnes","","Volvo Penta","D3-200"
"SSS 2019","Combat Boat 90 HSM 591 – 608 (18 boats)","N. Sundin Dockstavarvet AB","Swedish Defence","Swedish Royal","Sweden","September 2019","16.3m",">40knots","","","","Scania","DI16"
"SSS 2019","CP-8001","Rozema Boat Works","GustoMSC","JDS Energy & Mining Inc","Canada","Q1 2019","","6knots","","","","Capilano Maritime Design Ltd",""
"SSS 2019","","","0.86m","","","June 2019","11.99m","10knots","","14.99tonnes","","John Deere","6068AFM85"
"SSS 2019","Ellen","Søby Shipyard","Jens Kristensen","ARO-ferries","Denmark","July 2019","59.4m","14.2knots","","996tonnes","","Danfoss Editron","EM-PMI540-T4000-1600-"
"SSS 2019","","Hongawara Ship Yard Co. Designer.................. Hongawara Ship Yard Co. Vessel’s name..................... Etsuzan Maru No.8","2.6m","Yamane Shipping Co. / Y.S. Marine Co. Country......................................................Japan","Japan","May 2019","64.97m","11.12knots","","497tonnes","","Yanmar","6EY22AW"
"SSS 2019","E-TWO","Damen Shipyards Group","Damen Shipyards Group","EMAR Offshore Services","Netherlands","March 2019","28.58m","13.6knots","","299tonnes","","Caterpillar","3512C TA HD/D"
"SSS 2019","F180EC1","Sakun C. Innovation","Albatross Marine Design","Chao Phraya River Line","Thailand","January 2019","18.15m","20","","","","Cummins","N855-M"
"SSS 2019","GİSAŞ Power","TK Tuzla","Navtek Naval Technologies","GİSAŞ","Turkey","October 2019 2019 saw Turkey launch what has been billed as the world’s first all-electric tug, reliant solely on battery power for bollard pull. The Navtek-designed Zero Emissions Electric","18.7m","10knots","","112tonnes","","Siemens","1LH1223-4BB32-2AA0-Z"
"SSS 2019","Herjólfur","CRIST S.A. Designer............................CRIST S.A. / StoGda","2.85m","Vegagerðin","Iceland","June 2019","71.78m","15.6knots","","","","MTU","12V4000B04"
"SSS 2019","HODOR","Astilleros Armon","Incat Crowther","Undisclosed","Undisclosed","April 2019","66.2m","22.5knots","","1,525tonnes","","MTU","16V 4000 M73L SCR"
"SSS 2019","","Kanagawa Dockyard Co. Designer.................... Kanagawa Dockyard Co. Vessel’s name.............................................Ishin","3.15m","Mitsui O.S.K. Lines (MOL)","Japan","February 2019","43.6m","16.4knots","","247tonnes","","Yanmar","6EY26DE"
"SSS 2019","MO5","AFAI","Walker Marine Design","Mainprize Offshore Limited","UK","September 2019","25.43m","26knots@100% MCR","","149.5tonnes","","Caterpillar","C32 D-rating"
"SSS 2019","Nora B","Neptune Marine","Neptune Marine","Zumaia Offshore","Spain","April 2019","36m","11knots","","492tonnes","","Caterpillar","C32"
"SSS 2019","PILOT-1","Sanmar Shipyards","Camarc Design","Mersin International Port","Turkey","March 2019","15.8m","21.5knots","","33tonnes","","Volvo Penta","D13 MH"
"SSS 2019","Red Dolphin","Penguin Shipyard International","BMT","Singapore Civil","Singapore","August 2019","35m","31knots@100%MCR","","250tonnes","","MTU","16V4000"
"SSS 2019","Red Kestrel","Cammell Laird","Cammell Laird","Red Funnel","UK","April 2019","78.02m (including linkspan interfaces; 74.25m without)","16knots@100 MCR","","1,070tonnes","","Cummins","QSK38-M"
"SSS 2019","C.871 ASPEKT KONVERSIA/ РИМ-MОСКВА (Rome-Moscow)","Vittoria Shipyard","Navalprogetti","SevRao/RosRao for","Russian Federation","May 2019","32m","13.8knots","","434m3","","MTU","MTU 16V4000M63"
"SSS 2019","Sabah","Freire Shipyard","Camarc","Public Authority for","Kuwait","December 2019","42m","30knots@100% MCR","","300tonnes","","MTU","16V4000M73L"
"SSS 2019","Sea Express ll","SeaCat Ships","Sea Speed Designs","Aquatic Rentals","Caribbean","January 2019","28.89m","30knots","","250tonnes","","Baudouin","12 M26.3"
"SSS 2019","Stargazer","Claasen Shipyards BV","Hoek Design Naval Architects","","Cayman Islands","May 2019","23.14m","24knots","","66tonnes","","Scania","DI13 093M"
"SSS 2019","SVEA","Astilleros Armon Vigo","Skipsteknisk","Swedish University of","Sweden","July 2019","69.5m","13.72knots","","3,150tonnes","","Indar (Ingeteam)","IMU-710-L/8"
"SSS 2019","M/V Tazlina","Vigor Alaska","Elliott Bay Design Group","Alaska Marine","US","April 2019","85.34m","17.9knots","","<4,000tonnes","","EMD","12-710G7CT3"
"SSS 2019","SST Tsimshian Warrior","Uzmar Shipyard","Robert Allan Ltd","SAAM SMIT Canada Inc. Country................................................... Canada","","February 2019","32m","14.3knots","","499tonnes","","Caterpillar","3516E"
"SSS 2019","Vilja","Gondán Shipbuilders","Robert Allan Ltd","Port of Luleå","Sweden","June 2019","36m","","","775tonnes","","324tonnes",""
"SSS 2019","","","","","","","","14.6knots","","","","Wärtsilä","8L26"
"SSS 2019","Vittoriosa","Med Marine","Robert Allan Ltd","Tug Malta Ltd","Malta","May 2019","29.7m","13.8knots ahead 13.7knots astern","","481tonnes","","MTU","16V4000M65L"
"SSS 2019","Zanzibar 1","Plenty Shipbuilding","CoCo Yachts","Zan Fast Ferries","Zanzibar","November 2019","49.72m","39.5knots@100% MCR","","652tonnes","","MTU","16V4000M63L"
"SSS 2020","A.P.T. James","Austal Vietnam","Austal Ships","National Infrastructure","Trinidad and Tobago","November 2020","94m","44knots","","6,542tonnes","","MAN","16V 28/33D"
"SSS 2020","","Sanmar Shipyards","2.7m","Sanmar","Turkey","January 2020","24.4m","13.42knots","","315tonnes","","CAT","2 × 3512C / 1 × C32"
"SSS 2020","Bryggen","Cantiere Navale Vittoria","Damen Shipyards Group","Italian Coast Guard","Italy","September 2020","20.1m","35+knots","","101.29tonnes","","MTU","8V 2000 M84L"
"SSS 2020","FSD N800","Ferretti Security Division / Ferretti S.p.A. Designer....................Ferretti Security Division","","Arma dei Carabinieri –","Italy","October 2020","16.75m","34knots","","","","MAN","i6-800"
"SSS 2020","H401 / Curiosity / City Fish","Halimar, Breaux Brothers, St Johns","Incat Crowther","NYC Ferry","US","April 2020","29.6m","26.5knots","","","","Baudouin","12 M26.3"
"SSS 2020","Helen Rice","Ferguson Marine","Macduff Ship Design","Inverlussa Marine Services","UK","March 2020 aunched in March, Helen Rice was designed by Macduff Ship Design and completed by","21m","10.5knots","","","","Doosan","4L126TIH"
"SSS 2020","I See One","Wight Shipyard Co. Designer.............. One2Three Naval Architects","1.3m","Captain Morgan","Malta","March-April 2020","34.04m","30knots","","211tonnes","","MAN","D2862 LE422"
"SSS 2020","Kaguya","Kawasaki Heavy Industries","Kawasaki Heavy Industries","Central LNG Shipping","Japan","September 2020","81.7m","","","4,044tonnes","","Hitachi Nico",""
"SSS 2020","Koc Al Zour","Uzmar Gemi Insa","Robert Allan Ltd","Kuwait Oil Company","Kuwait","February 2021","60m","13.8knots@100% MCR","","1,855tonnes","","Yanmar","6EY26"
"SSS 2020","Lady Comeau III","Astilleros Armon Vigo","Allswater","Comeau Sea Foods","Canada","August 2020 ady Comeau III, which was built for Comeau Sea","49.7m","13.2knots","","1,476tonnes","","MaK","6M25E"
"SSS 2020","M15Q","Marell Boats Sweden AB","Marell Boats","TBA","Sweden","June 2020 020 saw the launch of Marell Boats' M15 Quad","14.475m","67knots","","","","Mercury","450R"
"SSS 2020","Mayflower 400","Aluship / M Subs Ltd","M Subs Ltd & Whiskerstay Ltd","ProMare","US","N/A (launched","14.833m","10knots","","","","Teignbridge",""
"SSS 2020","Noé","META Shipyard","CBA Architects","SAS Noé","France","N/A","23.92m","11knots while charged at 50tonnes","","","","Transfluid","Custom-made"
"SSS 2020","Olympic Prawn","Cemre Shipyard","Kongsberg","Olympic Seafood AS","Norway","December 2020","69.91m","18knots","","3,318tonnes","","Bergen","45 L9"
"SSS 2020","Patria 22","PT Patria Maritim Perkasa","OSD-IMT","PT Patria Maritime Lines","Indonesia","August 2020","23.6m","10-12knots","","203tonnes","","Yanmar","6AYM-WET"
"SSS 2020","Queen Beetle","Austal","Austal","JR Kyushu Jet Ferry Inc","Japan","September 2020","83.5m",">40knots","","2,600tonnes","","MTU","16V 1163 M74"
"SSS 2020","Saoirse na Farraige","Cheoy Lee Shipyards Ltd","BMT UK Ltd","Island Ferries Teoranta","Ireland","August 2020","39.8m","","","424tonnes","","Caterpillar","C32"
"SSS 2020","Seacat Weatherly","Diverse Marine","Chartwell Marine","Seacat Services","UK","June 2020 eacat Weatherly is the first next-generation","23.8m","29knots","","111tonnes","","MTU","2000 M72"
"SSS 2020","","Gulf Island Shipyard","Robert Allan Ltd. Vessel’s name....................... Seaway Guardian","Saint Lawrence Seaway","US","August 2020","36m","14.5knots@100% MCR","","729tonnes","","Caterpillar","3516E"
"SSS 2020","Solar Eclipse","Azura Marine","Azura Marine","Azura Marine Indonesia","Indonesia","May 2020","13.25m","8knots","","16.5tonnes","","Fischer Panda","10kW BLDC"
"SSS 2020","Sunderøy","Astilleros Gondan","Rolls-Royce Marine","Prestfjord Seafood","Norway","October 2020","77.2m","","","4,226tonnes","","Bergen","45V12"
"SSS 2020","Terror","Coastal Workboats Ltd","Incat Crowther","British Antarctic Survey","UK","June 2020","14.3m","12.1knots","","","","Doosan","L086TIH"
"SSS 2020","Thea Jensen","Maritime Partner","Lindstøl Ship","Loppa Legeskyssbåter","Norway","September 2020","23.1m","30.5knots","","115tonnes","","Volvo Penta","D13-IPS1050 C4"
"SSS 2020","VICTA","SubSea Craft Ltd","SubSea Craft Ltd in partnership with BAR Technologies","SubSea Craft Ltd","UK","Autumn 2021 aunched in 2020 as a concept vessel, VICTA is a revolutionary diver delivery unit (DDU), a surface/submersible craft designed to operate at speed over range and capable of transition beneath the surface to operate submerged, enabling the discreet delivery and recovery of divers. An innovative British product, VICTA is focused primarily on the defence market but with utility beyond that in the research and leisure sectors. The vessel is unique as it combines the characteristics of a long-range insertion craft with those of a swimmer delivery vehicle. It transitions rapidly from surface to subsurface, limiting exposure and reducing risk. The craft’s performance in both domains, and the transition between the two, is enabled by a fly-by-wire control system. A surface speed of 40knots and a range of 250nm gives VICTA long and fast legs. Its subsurface performance is equally impressive with four hours endurance, sufficient to navigate fully submerged with two crew and six operators for 25nm. It should take approximately two minutes for VICTA to transition from surface to submersible operations, SubSea","11.95m","40knots","","","","SeaTek","725 Plus sub-marinised diesel"
"SSS 2022","","","","","","","15.1m","35knots","","","","VolvoPenta","D8IPS800"
"SSS 2022","470Regina","FabbricaItaliana","FIM /FerragniProgetti","Conﬁdential","Italy","","73.65m","39knots","","1,267tonnes","","MTU","20V4000M73L"
"SSS 2022","AquaHelix","DamenShipyardsGroup","DamenShipyardsGroup","OceanXpress","Netherlands","","7.84m","","","","","OXEDiesel",""
"SSS 2022","Asis8mWorkboatseries","AsisBoats","AsisBoats","Saipem","SaudiArabia","","29.6m","21.6knots","","","","PermanentMagnet",""
"SSS 2022","BlueRotterdam","DamenShipyardsGroup","DamenShipyardsGroup","BlueAmigo","TheNetherlands","","42m","35knots","","","","MTU","MTU16V2000M86"
"SSS 2022","ChaiJinda","SeacrestMarine","IncatCrowther","RoyalThaiPolice","Thailand","","89.3m","","","7,093tonnes","","Caterpillar","CAT3512E"
"SSS 2022","EddaBreeze","GondánShipbuilders","SaltShipDesign","EddaWindAS","Norway","","15m","24knots","","10.6tonnes","","Scania","DI13"
"SSS 2022","Ekko","TucoYachtVærtt","TucoYachtVærfi","Kystdirektoratet(DanishCoastalAuthority)","Denmark","","11m","50knots","","4.5tonnes","","Suzuki","DF325outboards"
"SSS 2022","Hunter","UltimateBoats","JohnMoxham","PoliceScotland","UK","","29.85m","30knots","","187tonnes","","MTU","12V2000M96XShaft(2x2000PS)"
"SSS 2022","Ikal","SunseekerInternational","SunseekerInternational","TBC","N /A","","47.1m","14.85knots","","1,250tonnes","","MTU","16V4000M53"
"SSS 2022","Jaywun","FreireShipyard","FreireShipyard","Environment","UAE","","27.1m","12.3knots","","245tonnes","","Yanmar","6EY17w6- cylinder"
"SSS 2022","","PT.KaryaTeknikUtama(KTU)","RobertAllanLtd.Vessel’ sname: ...................KaryaPaciﬁc2232","PT.KaryaPaciﬁc","Indonesia","","72m","41knots","","","","MTU","16V4000M73L"
"SSS 2022","KoreaPride","KangnamCorporation","IncatCrowther","KoreaExpressFerry","SouthKorea","","16.8m","21knots","","34tonnes","","MAN","D2676LE477"
"SSS 2022","MEDEM","NSundinDockstavarvet","NSundinDockstavarvet","Lotsbetriebsverein","Germany","","34.5m","27knots","","320tonnes","","MTU","16V2000M96"
"SSS 2022","MPAGuardian","PenguinShipyard","BMT","MaritimeandPort","Singapore","","61.7m","19.5knots","","","","Wärtsilä/Ramme","2x12V14/2xHW500_ S _ 290_ 2300_ A"
"SSS 2022","Naviexpress1","ShiptecAG","ShiptecAG","CGNSA,Lausanne(CH)","Switzerland","","18.6m","> 35knots","","36tonnes","","VolvoPenta","D131000"
"SSS 2022","Phoenix","ArtemisTechnologiesLtd","BalticWorkboatsAS","ArtemisTechnologiesLtd","UK","","22.24m","21.35m","","","","VolvoPenta","D13"
"SSS 2022","ReefInspector","SeacatShipsCo,Ltd","SeaspeedDesignCo,Ltd","Undisclosed","Australia","","11.7m","","","35.65tonnes","","VolvoPenta(I/OSternDrive)","D3220"
"SSS 2022","SeaTaxi(class)","İ stanbulŞehírHatlari","İ stanbulŞehírHatlari","İ stanbulŞehírHatlari","Turkey","","30m","30knots(higherspeedscanbeachievedwithdifferentdrivetrain)","","","","MTU","12v2000M72"
"SSS 2022","SeacatColumbia","DiverseMarine","BARTechnologies","Chartwell /Equinor","UK","","42m","14knots","","1,227tonnes","","AngloBelgian","12VDZC-166-1000"
"SSS 2022","","UzmarShipyard","RobertAllanLtd.Vessel’ sname: ....................................SLMacaloe","SmitLamnalco","Mozambique(Maputo)","","24.73m","12.3knots","","320tonnes","","Ramme","TW1400r_ L"
"SSS 2022","Sparky","DamenShipyardsGroup","DamenShipyardsGroup","PortsofAuckland","NewZealand","","16.2m","40knots +","","","","Scania","DI16076M"
"SSS 2022","Tanner/Errington","HyundaiMipoDockyard","CamarcDesign","UlsanICT","Korea","","34.5m","13knots","","642tonnes","","Yanmar","6EY26W"
"SSS 2022","VentureIV","MacduﬀShipyardsLimited(outﬁtting) /Finomar(hull)","MacduﬀShipyardsLimited & MacduﬀShipDesign","MarkLovie","UK","","65m","11.8knots","","","","ChongqingCummins","K19- DM"
"SS 2010","Abdelkader","Hyundai Heavy","","Mitsui OSK Lines (MOL)","Korea","","298m","","9360922","114,200gt","","Tri-fuel diesel electric","2 x 12V50DF 2 x 9L50DF"
"SS 2010","Abel Matutes","H J Barreras","Hyundai","Eurolineas Maritimas, S.A (Balearia)","Spain","27 February 2010","187.00m","","9441130","","","MAN","9M43C"
"SS 2010","Aramon","SSP Plant &","Rolls-Royce................................ Number:..........................................................................2","Roxana","Greece","May 2010","229.111m","","9440485","42,225gt","","MAN Diesel","6S60MC-C MK7"
"SS 2010","Barcelona Knutsen","Daewoo Shipbuilding &","Sil La Meatl","Knutsen OAS Shipping","Norway","January 2010","290.0m","","9401295","110,920gt","","Wartsila","12V50DF x 3 sets 9L50DF x 1 set"
"SS 2010","Bunga Bakawali","SLS Shipbuilding Co., Ltd","DSME/Mecklenburger","MISC Berhad","The Republic of Korea","10 February 2010","183m","","","29,124gt","","MAN B&W","6S50MC-C7"
"SS 2010","Cap Ines","Daewoo Shipbuilding & Marine Engineering Co., Ltd","Hyundai Heavy","Peaked Hill Limited","Korea","16 March 2010","264.32m","","9484546","47,877gt","","MAN","MAN B&W 8K90MC-C6"
"SS 2010","Castillo De Santisteban","STX Offshore &","DSME/MMG","Empresa Naviera Elcano SA","Korea","27 January 2010","199.90m","","9433717","111,665gt","","Kawasaki","M2H-400/85"
"SS 2010","","Fujian Mawei Shipbuilding Ltd. Vessel’s name:......................Cosco Wuyishan","Hyundai Heavy Industries","Cosco Far-Reaching","China","","177.50m","","9418303","19,993gt","","","6UEC43LSII"
"SS 2010","CSB Fortune","CSSC Guangzhou Longzue","SDARI/ Wuhan Heavy","China Shipping development Co., Ltd","China","19 January 2010","324.99m","","9431226","116,396gt","","MAN B&W","6S80MC-C7"
"SS 2010","Dar Salwa","Daewoo Shipbuilding & Marine Engineering Co., Ltd","Wartsila CME Zhenjiang","Kuwait Oil Tanker","Korea","5 February 2010","333m","","9534779","162,625gt","","MAN B&W","MAN B&W 7S 80 ME-8"
"SS 2010","E.R Borneo","Hyundai Heavy","Hyundai Heavy","Nord Capital","Korea","28 October 2010","292m","","9507518","93,186gt","","","Hyundai-MAN B&W 6S70MC-C (MK7)"
"SS 2010","Eser K","Hanjin Heavy Industry, Subic Shipyard","Hyundai","Kaptanoglu","Korea","3 March 2010","250m","","9431381","63,300gt","","2-stroke, Direct Revers","MAN B&W 6S60MC-C"
"SS 2010","Deepwater Champion","Hyundai Mipo","Hyundai","Hartmann Schiffahrts","Korea","November 2010","189.5m","","9470961","21,842gt","","Hyundai-B&W","8S60ME-C7"
"SS 2010","GDF Suez Point Fortin","Koyo Dockyard co., Ltd. Of Imabari Group","HHI-EMD","Los Halillos Shippping co., SA","Panama","11 March 2010","289.93m","","9375721","101,129gt","","Kawasaki Heavy Industries Ltd. Model:...........Kawasaki UA – 400 type cross compound impulse steam turbine with double reduction gear",""
"SS 2010","Giewont","New Times Shipbuilding","Mitsubishi Heavy Industries Ltd. Number:....................................................................1 set","Fiona One Shipping Ltd","China","16 February 2010","229.00m","","9452593","43.506gt","","MAN Diesel A/S Denmark","Hyundai-MAN B&W 7S50MC-C7"
"SS 2010","Glenda Meredith","Hyundai Mipo Dockyard Co., Ltd","Wartsila CME Zhenjiang","Glenda International","Korea","7 January 2010","183.17m","","9494668","29,130gt","","Hyundai-B&W","6S50MC-C7"
"SS 2010","Global Sea","Jiangsu GangHua Shipyard","HHI-EMD","North Sea Tanker","","29 January 2010","112.7m","","9427433","5424gt","","","8L21-31"
"SS 2010","Grande Marocco","Hyundai Mipo Dockyard., Ltd","ZFF","Industria Armamento","Korea rep. Model test establishment used:.......... Hyundai","07 June 2010","211.3m","","9437907","47,635tonnes","","Hyundai-B&W","8S60MC-C"
"SS 2010","Habip Bayrak","Çeksan Gemi Insa Çelik","Wartsila","Coral Tankers","Turkey","29 April 2010","123.25m","","","5684gt","","Wartsila","8L32"
"SS 2010","Hanjin Korea","Samsung Heavy","LIPS","J.O.Q. Shipping S.A/ Hanjin Shipping Co., Ltd","Korea","March 2010","349.7m","","9408853","113,400gt","","Wartsila","12RT-flex96C"
"SS 2010","Jeyhun","Krasnoye Sormovo Shipyard","MMG","The State Service of","Russia","2 July 2010","141.5m","","9592202","4792gt","","Wartsila","6L20"
"SS 2010","JRS Mekur","Penglai Bohai Shipyard Co., Ltd","Schottel","C.V. Scheepvaartonderneming","Germany","22 October 2010","107.8m","","9349435","6668gt","","","MaK 8M 32 C"
"SS 2010","Le Boreal","Fincantieri","Schottel – schiffs maschine GmbH","Compagnie Du Ponant","France","5 February 2010","142.1m","","9502506","10,944gt","","Wartsila","8L20"
"SS 2010","Maule","CSBC Corporation, Taiwan Kaohsiung shipyard","Fincantieri/wartsila","Compania SudAmericana de Vapores S.A. Designer:..............CSBC Corporation, Taiwan","","03 May 2010","305.60m","","9400069","75,752gt","","Wartsila","10RT-flex96C"
"SS 2010","Methane Julia Louise","Samsung Heavy","CSBC/Nakashima","BG LNG services","Republic of Korea","April 2010","291.06m","","9412880","109,004gt","","25,000kW","3 x 12V50DF 1 x 6L50DF"
"SS 2010","Miedwie","Nantong Mingde Heavy","Nakashima","Erato One Shipping Ltd/ Polska Zegluga Morska","China","19 April 2010-10-27","190.00m","","9393448","20,480gt","","Wartsila","6RTA48T-B"
"SS 2010","Morning Air","Nakatani Shipbuilding Co., Ltd","ABB","Trio Happiness S.A","Japan","22 March 2010","99.98m","","9523794","4410gt","","","Kawasaki B&W 5L35MC(MK6)"
"SS 2010","Moskovsky Prospect","Hyundai Samho Heavy","17.65bar.g (18kg/cm2.g)","Sovcomflot","Republic of Korea","28 January 2010","249.99m","","9511521","62,504gt","","B&W","6S60MC-C8"
"SS 2010","MSC Beryl","STX Offshore & Shipbuilding","Hyundai","Niki Shipping Co. Inc","Korea","13 September 2010","365.80m","","9467392","140,096gt","","MAN B&W","12K98MC-C7"
"SS 2010","Nieuw Amsterdam","Fincantieri","Nakashima","Holland American Line","Italy","30 September 2010","285.3m","","9378450","86,273gt","","MaK","M43C"
"SS 2010","","","ABB Oy","","","","","","","","","Zvyozdochka",""
"SS 2010","Noble Globe Trotter","STX Offshore & Shipbuilding","ABB Azipod","Nobel Drilling Holding /Royal Dutch Shell","Korea","30 June 2010","","","9540845","32950gt","","","C280-16"
"SS 2010","Nord Delphinus","Shanghai Shipyard Co., Ltd","12.5 x 4.3 14.5 x 2.0","Norden Shipping (Singapore)/Dampskibsselskabet","China","31 December 2010","249.884m","","9448023","63,864gt","","MAN B&W","7S60MC-C Mk VII"
"SS 2010","Norwegian Epic","STX France SA, Saint-Nazaire Shipyard","China Ship Scientific Research","Norwegian Cruise Line","Sweden","05 January 2010","329.45m","","9410569","155,80gt","","Converteam","Type M43C"
"SS 2010","Ocean Garnet","Cosco (Dalian) shipyard Co., Ltd","Wartsila Propulsion NL","Nobel Group/Fleet","China","17 July 2010","229.20m","","9477244","51,209gt","","MAN B&W","6S60MC6"
"SS 2010","Queen Elizabeth","Fincantieri Cantieri","SDARI/Wuhan heavy industries Co., Ltd","Cunard","Italy","Q3 2010","293.84m","","9477438","90,901gt","","Caterpillar Motoren GmbH","4 x D/E MaK 12 M43C 2 x D/E MaK 8 M43C"
"SS 2010","Rolldock Sun","Larsen & Toubro","ABB","RollDock Shipping BV","The Netherlands","30 September 2010","142.55m","","9393981","12,802gt","","Wartsila","W9L32"
"SS 2010","","Samsung Heavy Industries, Co. Ltd. Vessel name:...............................Saipem 1200","Wartsila","Saipem","South Korea","","227.813m","","9437359","","","","16V32/40"
"SS 2010","Seven Atlantic","IHC Offshore & Marine B.V","Rolls-Royce","Subsea 7","The Netherlands","20 April 2010","144.97m","","9419125","17,496tonnes","","Wartsila","7L32"
"SS 2010","Skandi Aker","Nordic Yards","STX Norway Offshore Design – OSCV 06L","Stena Line","Germany","07 January 2010","240.00m","","9145176","64,000gt","","MAN","MAN48/60"
"SS 2010","STX Changxing Rose","STX Dalian Shipbuilding","Rolls-Royce, Alpha","STX Pan Ocean Co., Ltd","Korea","16 May 2010","199.10m","","9419747","60,396gt","","MAN Diesel & Turbo","MAN 6S60MC-C8"
"SS 2010","Thalassini Axia","SPP Shipbulding Co., Ltd","Silla Metal","Enesel S.A","South Korea","30 June 2010","196.00m","","9452490","34,318gt","","MAN DIESEL","6S50MC-C (Mark8)"
"SS 2010","Western Carrier","Zhenjiang Zhenyu","Silla Metal / Silla Metal","W.Bockstiegel GmbH & Co. Reederei KG MS","Germany","24 March 2010","107.00m","","9366122","6250gt","","","MAK"
"SS 2010","Yamatai","Mitsubishi Heavy","Schottel CPP","NYK-Hinode Line Ltd","Japan","","162.0m","","9567714","14538","","Daihatsu","6DKM-36"
"SS 2010","Yannis Gorgias","","Mitsubishi Heavy Industries, Ltd","Iolcos Hellenic Maritime","China","9 April 2010","229m","","9423293","47,984gt","","Wartsila","6RT 58T-B"
"SS 2010","","IHC Dredgers B.V. Vessel’s name:..............................Vox Máxima","Nakashima Propeller Co., Ltd","Van Oord NV","Rotterdam/The Netherlands","26 January 2010","198.00m","","9454096","29920gt","","MAN","12V48/60B"
"SS 2012","AIDAmar","Meyer Werft","","AIDA Cruises","Germany","","253.30m","","9490052","71,304dwt","","Caterpillar","9M43C"
"SS 2012","Al-Idrisi","STX Offshore &","MMG","Jan De Nul","Belgium","3 May 2012","119.10m","","9572707","8,082gt","","4 stroke","8L32/40"
"SS 2012","APL Southampton","Daewoo Shipbuilding & marine Engineering Co., Ltd","Schottel","Neptune Orient Lines","Korea","27 March 2012","347.0m","","9462017","128,929gt","","1 x MAN B&W","12K98ME-C7.1"
"SS 2012","Arkadia","Hyundai-Vinashin Shipyard","1 x DSME/MMG","ESL Shipping","Korea","30 April 2012","197.08m","","9590797","33,958gt","","Hyundai Heavy Industry Co., Ltd","7S50MC-C8"
"SS 2012","Astomos Earth","Mitsubishi Heavy Industries Ltd","Rolls-Royce","Idemitsu Tanker Co., Ltd","Japan","02 January 2012","230.00m","","9607069","47,950gt","","Mitsubishi Heavy Industries Ltd","7UEC60LSII"
"SS 2012","Baie St. Paul","CSSC Chengxi Shipyard Co., ltd","Mitsubishi Heavy Industries Ltd","Canada Steamship Lines","Canada/China","31 August 2012","225.5m","","9601027","24,430gt","","","6S50ME-B9 Tier II"
"SS 2012","BBC Amethyst","Jinagzhou Shipyard","MAN","BBC Chartering","Germany","27 September 2012","153.80m","","9563706","12,800gt","","","6S46MC-C8"
"SS 2012","Brightoil Glory","Hyundai Heavy Industries","McGregor","Brightoil","Korea","January 2012","333m","","9602631","161,269gt","","2-stroke","6S90ME-C8.2"
"SS 2012","Brightway","Hanjin Heavy Industry & Construction Co., Ltd","Hyundai","Tanker Pacific Management","Korea","26 November 2012","274.00m","","9588146","83,830gt","","MAN Turbo Diesel","6S70MC-C8"
"SS 2012","CMA CGM Marco Polo","Daewoo Shipbuilding & Marine Engineering Co., Ltd","HHIC (TMS)/MMG","CMA CGM","Korea","1 May 2012","396.0m","","9454436","153,022gt","","Wärtsilä 14RT-flex96C",""
"SS 2012","Coral Energy","Neptun Werft","DSME/ Hyundai","Anthony Veder Chartering B.V","Germany","16 October 2012","154.95m","","9617698","","","Wärtsilä","8L50DF"
"SS 2012","Eagle San Antonio","Samsung Heavy Industries","Wärtsilä","AET/ AET","Korea","January 2013","274.29m","","9594822","80,783gt","","MAN Diesel & Turbo","6S70MC-C8.1"
"SS 2012","Elka Leblon","STX Offshore & Shipbuilding Co., Ltd","MMG","European Navigation Inc","Korea","26 April 2012","278.30m","","9625712","","","STX-MAN B&W","6S70ME-C8.1 (NOx Tier III)"
"SS 2012","Emerald Ace","Mitsubishi Heavy Industries","Kawasaki","Mitsui OSK Lines","Japan","23 December 2012","199.99m","","9539236","60,154gt","","Mitsubishi Heavy Industries","7UEC60LSII (P/U)"
"SS 2012","Ephesos","Hyundai Samho Heavy","Mitsubishi Heavy Industries","N.J Goulandris","Korea","29 June 2012","274.18m","","9607423","84,850gt","","Hyundai B&W","6S70ME-C8"
"SS 2012","Ever Lambent","Samsung Heavy Industries","Hyundai Heavy","Evergreen","Taiwan","28 February 2012","335m","","9595436","97,500gt","","MAN Diesel & Turbo","9K98ME7"
"SS 2012","Ferry Naminoue","Mitsubishi Heavy Industries","Samsung Heavy Industries/ Nakashima","A Line Ferry Co., Ltd","Japan","25 July 2012","145.00m","","9608348","8,072gt","","S.E.M.T – Pielstick","12PC2-6V"
"SS 2012","FS Diligence","Namura Shipbuilding Co., Ltd","Nakashima Propeller Co., Ltd","J&K Shipping","Japan","19 September 2012","249.97m","","9532161","63,058gt","","","1 x MAN B&W 6S60MC-C"
"SS 2012","Hamburg Express","Hyundai Heavy Industries","Nakashima Propeller Co., Ltd","Hapag-Lloyd","Korea","18 January 2012","366.45m","","9461051","142,295gt","","2-stroke","11K98ME7"
"SS 2012","Hyundai Together","Hyundai Samho Heavy","Hyundai","Danaos Shipping Co., Ltd/ Hyundai Merchant Marine Co., Ltd","Korea","5 July 2012","366.53m","","9473731","59,000gt","","B&W","12K98ME-C7"
"SS 2012","Innovation","Sungdong Shipbuilding & Marine Engineering Co., Ltd","Hyundai Heavy Industries Co., Ltd","Aegean Bulk Co., Inc","Korea","16 February 2012","229m","","9622667","44,300tonnes","","","MAN Diesel 6S60ME-C8.2"
"SS 2012","Innovation","Crist S.A, Gdansk","Sungdong/HHI","HGO InfraSeas Solutions","Germany/ Finland","18 June 2012","166.00m","","9603453","21,900gt","","Diesel-electric","9M32C/9M20C"
"SS 2012","Jaguar","Shipkits B.V","Schottel","Jaguar Shipping","The Netherlands","August 2012","107,95m","","9613628","5,198gt","","Scania","DI-16 55M"
"SS 2012","JS Amazon","Sinopacific Yangzhou Dayang","ZF","Greenship Bulk Pte Ltd","China PRC","01 June 2012","199.99m","","9573713","35,812gt","","MAN BW","5S60MEC8 TII"
"SS 2012","Jules Garnier II","Naikai Zosen Corporation","Nakashima","Sunny Durban Maritime S.A","Japan","02 March 2012","160.00m","","9646417","16,715gt","","MAN Diesel & Turbo SE","Hitachi-MAN B&W 6S42MC7.1"
"SS 2012","K. Hope","Hyundai Samho Heavy","Nakashima Propeller Co., Ltd","SK Shipping","Korea","19 September 2012","330.07m","","9613783","133,647gt","","Hyundai-Wärtsilä","6RT-flex82T"
"SS 2012","LOG-IN Tambaqui","Estalerio Ilha S.A (EISA)","Hyundai Heavy Industries Co., Ltd","LOG-IN Logistica Intermodal","Brazil","12 September 2012","245.00m","","9555785","48,258gt","","Wärtsilä Switzerland Ltd","6RT-flex 50-B"
"SS 2012","Meri","STX Finland Turku Shipyard","Wärtsilä Netherlands B.V","Oy Gaiamare Ab","Finland","December 2012","105.4m","","9622502","3,360gt","","Wärtsilä Finland Oy","Wärtsilä 6L20"
"SS 2012","MSC Altamira","Hyundai Samho","Schottel","Ofer Ships Holding Ltd/ Bernhard Schulte","Korea","13 June 2012","299.18m","","9619426","94,017gt","","","9S90ME-C8.2"
"SS 2012","MSC Athens","Sungdong Shipbuilding & Marine Engineering Co., Ltd","HHI-EMD","Costamare Inc","Korea","28 September 2012","299.95m","","9618305","","","MAN B&W","9S90ME-C 8.2(TierII)"
"SS 2012","Neva Leader 1","Nevsky Shipbuilding-","Sungdong/MMG","North-Western Shipping","Ukraine","December 2012","139.95m","","9598816","","","Wärtsilä","6L20"
"SS 2012","Nikolay Zuyev","Daewoo Shipbuilding and","Cargotec","Sovcomflot","Korea","26 November 2012","249.9m","","9610781","66,818gt","","MAN Diesel & Turbo","MAN B&W 6S60MC-C8.2"
"SS 2012","Nord Stability","STX Offshore & Shipbuilding Co., Ltd","DSME/Samwoo","Norden","Korea","31 May","183.00m","","9629495","","","","STX MAN 6S50ME-C8.2"
"SS 2012","Pacific Orca","SPP Shipbuilding Co., Ltd","Haey Ang","Active Shipping","Korea","27 July 2012","229.00m","","9590747","44,485gt","","Hyundai-MAN B&W","6S60MC-C8.1"
"SS 2012","PTSC Bien Dong 01","De Hoop Lobith","Silla Metal","Vantage Delux Travel","The Netherlands","December 2012","135m","","9633496","31,349gt","","Caterpillar","Caterpillar C32 Ditta Acert"
"SS 2012","S.A. Agulhas II","STX Finland Rauma Shipyard","Veth VZ-900 CR","Department of","Finland","01 February 2012","134.0m","","9577135","12,897gt","","","6L32"
"SS 2012","Severine","Kyokuyo Shipyard Corporation, Japan","KaMeWa CPP, Rolls-Royce","Shiplux VIII S.A","Japan","04 April 2012","152.02m","","9539078","16,342gt","","Wärtsilä","16V32"
"SS 2012","Silver Princess","Mitsubishi Heavy Industries Ltd","Wärtsilä","Kawasaki Kinkai Kisen Kaisya Ltd","Japan","25 January 2012","150.00m","","9597616","10,536gt","","S.E.M.T – Pielstick","12PC2-6B"
"SS 2012","Stena Supreme","Samsung Heavy","Kawasaki Heavy Industries","Stena Bulk","Korea","5 April 2012","274.23m","","9585895","81,187gt","","MAN Diesel & Turbo","6S70ME-C"
"SS 2012","STI Amber","Hyundai Mipo Dockyard Co., Ltd","SHI/HHI","Scorpio Tankers","Korea","30 June 2012","183.31m","","9629926","29,708gt","","Hyundai Heavy Industry Co., Ltd","6S50ME-B9.2"
"SS 2012","Stolt Rhine","Mercurius Shipbuilding (Mercurius Shipping group)","HHI-EMD","Stolt Nielsen Inland","The Netherlands","20 July 2012","109.99m","","","3,409.795gt","","ABC","6 DZC-1000-166-A"
"SS 2012","STX Arborella","STX Offshore &","Wärtsilä Iberica S.A","POS Maritime CA S.A/ STX PanOcean Co., Ltd","Korea","6 February 2012","199.9m","","9613288","39,009gt","","","MAN 6S50MC-C8.1"
"SS 2012","Tanit","Daewoo Shipbuilding & Marine Engineering, Ltd","STX/SILLA Metal","Compagnie Tunisienne","Korea","9 November 2012","210.0m","","9598579","52,645gt","","MAN B&W","12V48/60CR"
"SS 2012","Tzini","SPP Shipbuilding Co., Ltd","MAN","Eastern Mediterranean","Korea","31 May 2012","170.00m","","9625906","Abt. 20,600gt","","MAN Diesel & Turbo","6S60ME-C8.2"
"SS 2012","Ulusoy-14","Flensburger Schiffbau-","SHJ/ Silla Metal Co., Ltd","Ulusoy Sealines","Germany","14 January 2013","208.30m","","9506253","31,700gt","","","MAN 8L 48/60-CR"
"SS 2012","VF Tanker 1","Kranoye Sormovo (OJSC), Nizhny Novgorod","Schottel","VF Tanker Ltd","Ukraine","06 December 2012","140.85m","","9640499","5,075gt","","","6L20"
"SS 2012","Wan Hai 511","CSBC Corporation, Taiwan, Kaohsiung shipyard","CSBC Corporation, Taiwan","Wan Hai Lines Ltd","","05 May 2012","259.00m","","9455296","46,904gt","","MAN B&W","8K90MC-C6"
"SS 2012","Zealand Juliana","Sefine Shipyard","CSBC/Nakashima","Sefine Denizcilik","Turkey","May 2012","152.50m","","9655951","11,627gt","","MAN","6S35MC"
"SS 2013","Almetyevsk","PHC, Zelenodolsk, Russia","","AK BARS Leasing","Russia","","139.99m","","9621558","4,531gt","","","6L20"
"SS 2013","Amber Champion","Chengxi Shipyard Co., Ltd","Shanghai merchant Ship","Ray Champion Shipping","China","15 March 2013","199.85m","","9637210","36,332gt","","MAN B&W","5S60ME-C8.2"
"SS 2013","APL Temasek","Hyundai Samho Heavy","CSSRC","Neptune Orient Line","Korea","28 March 2013","368.82m","","9631955","151.963gt","","","11S90ME-C9.2"
"SS 2013","Bahri Abha","Hyundai Mipo Dockyard Co., Ltd","HHI-EMD","Bahri (National Shipping","Korea","14 March 2013","224.96m","","9620944","50,714gt","","Wärtsilä","7RT-flex58T-D(Tier II)"
"SS 2013","Bluebird Arrow","Hyundai Mipo Dockyard Co., Ltd","Wärtsilä","Gearbulk (UK) Limited","Korea","5 February 2013","156.96m","","9635377","15,607gt","","Hyundai Heavy Industry Co., Ltd","Hyundai B&W 6S42MC7.1 (Tier II)"
"SS 2013","Brasil Voyager","Samsung Heavy Industries","Hyundai Heavy Industry Co., Ltd","Chevron Shipping Company","Korea","18 January 2013","282.14m","","9637777","83,942gt","","MAN Diesel & Turbo","6S70ME-C8.2"
"SS 2013","Cap Arnauti","HHCI-Phil","Kawasaki Heavy Industries","Zodiac Maritime","Korea","28 May 2013","270.90m","","9629380","69,809gt","","","MAN B&W 6S80ME-C 9.2"
"SS 2013","Cape Green","Japan Marine United Corporation","Hanjin Heavy Industries and","Newport Pioneer One","Japan","29 April 2013","299.99m","","","107,100gt","","MAN B&W","7S65ME-C"
"SS 2013","Cash","SPP Shipbuilding Co., Ltd","Japan Marine United/Nakashima","Geden Line","Korea","1 August 2013","229.00m","","9628087","44,619gt","","","6S60MC-C(MK8.1)"
"SS 2013","Castorone","Yantai CIMC Raffles","Hyundai Heavy Industries","Saipem Offshore Norway","Germany","2 May 2013","325.00m","","9444194","56,529gt","","Huismann",""
"SS 2013","Clipper Quito","Hyundai Heavy Industries","Hyundai Heavy Industries","Solvang ASA","Korea","January 2013","225.00m","","9630755","48,920gt","","","Hyundai-MAN B&W 6S60MC-C8.1"
"SS 2013","Deep Orient","Metal Ships & Docks","Hyundai","Technip","Norway","26 June 2013","135.65m","","9644330","12,113gt","","Diesel electric generators","9L32"
"SS 2013","Dragon Sky","Sanoyas Shipbuilding Corporation","Rolls-Royce","Alba Navigation S.A","Japan","March 2013","209.99m","","9539250","49,718gt","","Mitsui Engineering & Shipbuilding Co., Ltd","MAN B&W 6S50MC-C Mark 7"
"SS 2013","Eagle Vancouver","Daewoo Shipbuilding & Marine Engineering Co., Ltd","Nakashima Propeller Co., Ltd","American","Korea","26 February 2013","333.00m","","9597240","161,974gt","","MAN B&W","7S80MC-C8.2"
"SS 2013","Elandra Lynx","SPP Shipbuilding Co., Ltd","DSME/MMG","Elandra Lynx Pte/ V Ships","Korea","16 July 2013","183.00m","","9635808","29,000gt","","STX MAN B&W","6S50ME-B9.2"
"SS 2013","Europa 2","STX France","Sila Metal","Hapag-Lloyd","Germany","October 2013","","","9616230","42,830gt","","","M43C 6 cylinder"
"SS 2013","Fa Xian 6","Shanghai Shipyard Co., Ltd","Mermaid/ Rolls-Royce","Shanghai Offshore","Norway","26 April 2013","100.10m","","9620114","10,882gt","","Rolls-Royce Bergen","B32:40L8P"
"SS 2013","Front Arrow","STX Offshore &","Rolls-Royce","Seatankers Management","Korea","October 2013","183.00m","","9654555","29,993gt","","MAN B&W","MAN B&W 6S50ME-B9.2"
"SS 2013","Galloway Express","COSCO, Guangdong, China","Silla Metal","Livestock Express","The Netherlands","9 September 2013","134.80m","","9621194","9,900gt","","Wärtsilä","X 35"
"SS 2013","Greenstream","Peters Shipyards","Wärtsilä","Shell/ Interstream Barging","The Netherlands","23 September 2013","110.00m","","9664990","2,500gt","","Sandfirden Technics","S61-16-CGM"
"SS 2013","Hanjin California","Sungdong Shipbuilding & Marine Engineering Co., Ltd","Veth Propulsion","Zodiac Maritime Agencies","Korea","April 2013","228.00m","","9631101","36,600gt","","MAN B&W","6K80ME-C9.2"
"SS 2013","Happy Sky","Larsen & Toubro","Sungdong Shipbuilding & Marine","BigLift Shipping","The Netherlands","September 2013","154.68m","","9457220","15,989gt","","","W46"
"SS 2013","Ibuki","Kyokuyo Shipyard Corporation","Wärtsilä","Star Navigation","Japan","1 March 2013","134.15m","","9666481","6,558gt","","MAN B&W","7L35MC6.1"
"SS 2013","Kaimon Maru","Japan Marine United Corporation","Nakashima propeller","JX Tanker Company Limited","Japan","17 January 2013","246.80m","","9648776","66,071gt","","Wärtsilä","6RTA58T-D"
"SS 2013","Karvounis","Sumitomo Heavy Industries","Japan Marine United/ Nakashima propeller","Pagonda Shipping S.A","Japan","11 January 2013","274.00m","","9612052","80,500gt","","MAN B&W","6S70MC-C8.1"
"SS 2013","King Fisher","Damen Shipyards","Sumitomo Heavy Industries","James Fisher Everard","The Netherlands","22 March 2013","","","","4,631gt","","","8 M 25C"
"SS 2013","Maersk Mc-Kinney MØller","Daewoo Shipbuilding & Marine","Scana Volda CP 85/4","A.P MØller-Maersk","Korea","17 June 2013","399.00m","","9619921","194,849gt","","MAN B&W","8S80ME-C9.2"
"SS 2013","Messina","Nuovi Cantieri Apuania","DSME/MMG","Rete Ferroviaria Italiana (RFI)","Italy","2 July 2013","147.00m","","89533","5,700gt","","","6L26"
"SS 2013","Norwegian Breakaway","Meyer Werft","Schottel","Norwegian Cruise Line (NCL)","Germany","26 July 2013","325.33m","","9606924","146,600gt","","","2 x MAN 12V 48/60 CR, 2 x MAN 14V 48/60 CR"
"SS 2013","NYK Helios","Samsung Heavy Industries","ABB","OOCL/NYK Line","Korea","25 April 2013","366.00m","","9622588","141,000gt","","MAN Diesel & Turbo","12S90ME – C9.2"
"SS 2013","Oceanex Connaigra","Flensburger Schiffbau","Samsung- Nakashima","Oceanex Inc","Germany","22 January 2013","210.00m","","9649718","26,786gt","","4-stroke, medium speed","MAN 7L 48160 CR"
"SS 2013","Ramform Titan","Sungdong Shipbuilding & Marine Engineering Co., Ltd","MAN Diesel & Turbo","Tsakos Energy","Korea","10 May 2013","278.50m","","9623867","83,087gt","","MAN B&W","6S70ME-C8.2"
"SS 2013","Royal Princess","Namura Shipbuilding Co., Ltd","Berg","Rio Tinto Shipping Limited","Japan","1 May 2013","234.87m","","9629720","51,057gt","","","Mitsubishi 6UEC60LS II-ECO"
"SS 2013","Samba Spirit","Samsung Heavy Industries","Nakashima Propeller","Teekay Shipping","Korea","11 January 2013","282.14m","","9637686","83,882gt","","MAN Diesel & Turbo","6S70ME-C8.2"
"SS 2013","Sao Domingos Savio","3. Maj Brodogradiliste, Rijeka, Croatia","Kawasaki Heavy Industries","DBT Shipping I LLC/ Wisby Tankers AB","Croatia","10 May 2013","133.28m","","9492311","10,830gt","","","Wärtsilä 6X35"
"SS 2013","Seasmile","Hyundai Samho Heavy industries","Berg","Thenamaris","Korea","1 March 2013","255.49m","","9632820","52,467gt","","","6G80ME-C9.2"
"SS 2013","Seven Viking","Ulstein","HHI-EMD","Eidesvik Seven","Norway","7 August 2013","106.50m","","9619373","11,266gt","","","9M32/ 6M25C"
"SS 2013","Shoyoh","Japan Marine United Corporation","Steerprop","TDC/Dsiichi Chuo Marine","Japan","23 January 2013","239.90m","","9641376","60,876gt","","Wärtsilä","6RT-flex58T-D"
"SS 2013","Sibur Voronezh","Hyundai Mipo Dockyard Co., Ltd","Japan Marine United/ Nakashima Propeller","OAO Novoship","Russia","25 July 2013","159.97m","","9655509","18,425gt","","MAN Diesel & Turbo","6S46MC-C8.1"
"SS 2013","Silver Eight","Naikai Zozen Corporation","HHI-EMD","Japan Railway Construction, Transport and Technology Agency/ Tsuarukaikyo Ferry Co., Ltd/ Kawasaki Kinkai Kisen Kaisha","Japan","29 July 2013","142.59m","","9667265","17,231gt","","MAN Diesel & Turbo","Hitachi-MAN B&W 7L42MC6.1"
"SS 2013","Stavangerfjord","Bergen Group Fosen","Nakashima Propeller","Fjord Line","Norway","25 June 2013","170.00m","","9586605","31,678gt","","","B35: 4 OV 12 PG"
"SS 2013","Svet","Bohai Shipbuilding","Rolls-Royce","Caldy Maritime Limited/SCF","Liberia/Russia","4 July 2013","331.76m","","9625956","167,578gt","","Wärtsilä","7RT-flex84T-D"
"SS 2013","SVL Liberty","JSC, Kherson, Ukraine","Nakashima Propeller/ Dalian","SVL Marine Transit Service","Ukraine","18 November 2013","140.85m","","9645982","5,075gt","","","6L20"
"SS 2013","Viking Grace","STX Finland, Turku","Schottel","Viking Line","Finland","22 March 2013","218.50m","","9606900","57,565gt","","","8L50DF"
"SS 2013","Woodside Rogers","Daewoo Shipbuilding & Marine","Wärtsilä","Maran Gas","Korea","10 January 2013","294.20m","","9627485","103,670gt","","Wärstilä","9L50DF"
"SS 2013","Wuchang","Chengxi Shipyard","DSME-Samwoo","China Navigation","Finland","1 July 2013","179.99m","","9657844","24,785gt","","Wärtsilä","5RT Flex 50-B"
"SS 2013","Zealand Amalia","Sefine Shipyard","Deltamarin/ Wärtsilä","Zealand Shipping","Turkey","18 October 2013","173.75m","","9674921","18,036gt","","MAN","G45 ME-B9"
"SS 2014","Andalucian Zephyr","Namura Shipbuilding","","Three Kingsss Shipping","Japan","","179.96m","","9667526","21,514gt","","","Mitsubishi 6UEC45LSE-B2"
"SS 2014","Asia Vision","Samsung Heavy Industries","Nakashima","Chevron Transport","Korea","12 March 2014","285.00m","","9606948","101,427gt","","Wärtsilä","12V50DF, 6L50DF"
"SS 2014","Atlantic Gas","STX Offshore & Shipbuilding","MMG","Ultranav","Korea","28 September 2014","159.83m","","9662019","20,151gt","","MAN Diesel & Turbo","6S50ME-C8.2 (Tier II)"
"SS 2014","Balt Flot 1","JSC Okskaya Sudoverf","STX Offshore &","BF Tanker","Ukraine","17 October 2014","140.95m","","9751872","3,928gt","","","6L20"
"SS 2014","Berkarar","Uljanik","Rudder-propeller/ Schottel SRP1012FP","The State Service of","Croatia","22 October 2014","155.80m","","9684330","9,791gt","","Wärtsilä","9L26"
"SS 2014","Burgan","Hyundai Mipo Dockyards","Wärtsilä","Kuwait Oil","Korea","5 December 2014","185.99m","","9656022","31,445gt","","Hyundai-Wärtsilä, two-stroke, direct reversible, crosshead type diesel engine with constant pressure turbocharging","Hyundai-Wärtsilä 7RT-flex50-D (Tier II)"
"SS 2014","Cascade","Jiangmen Nanyang","Nakashima","CV1 CVF II Lux Master","China","6 March 2014","179.90m","","9670418","","","MAN B&W","5S50ME-B9.2"
"SS 2014","CCNI Iquique","HHIC-Phil","Bestway/ Wärtsilä","Paxi Maritime Corporation","Korea","03 June 2014","270.90m","","9679555","70,262gt","","Wärtsilä","7RT-flex82T-B"
"SS 2014","Ceona Amazon","Lloyd Werft","Hanjin Heavy","Ceona Services (UK) Limited","UK","30 October 2014","199.40m","","9698094","33,000gt","","MAN","9L32/44 CR 8L32/44CR"
"SS 2014","Charlotte Schulte","HHIC-Phil","Steerprop SP50D","Bernhard Schulte","Korea","November 2014","255.00m","","9665657","51,870gt","","MAN Turbo Diesel","6G80ME-C9.2"
"SS 2014","Copiapo","Samsung Heavy Industries","Hanjin Heavy","Compania Sud","Korea","17 January 2014","299.9m","","9687526","93,300gt","","MAN B&W","S90ME-C9.2"
"SS 2014","Corcovado LNG","Daewoo Shipbuilding & Marine","MMG","Ocenanus LNG Alpha LLC/ TMS Cardiff Gas Ltd","Korea","26 November 2014","294.20m","","9636711","103,900gt","","Wärtsilä","Wärtsilä 9L50DF"
"SS 2014","Costa Diadema","Fincantieri","Fincantieri","Costa Crociere","Italy","3 April 2014","305.50m","","9636888","133,000tonnes","","MMG",""
"SS 2014","Crystal Star","Sanoyas Shipbuilding Corporation","3 Flush hatches","-","Panama","29 October 2014","229.00m","","9675262","43,432gt","","MAN B&W",""
"SS 2014","CSCL Globe","Hyundai Heavy Industries","Hyundai Heavy Industries","China Shipping Container Line","Korea","","400.00m","","9695121","187,541gt","","","Hyundai-MAN B&W 12S90ME-C9.2"
"SS 2014","Deepwater Asgard","Daewoo Shipbuilding & Marine","Hyundai","Transocean Cyprus Capital","Korea","20 November 2014","238.00m","","9620580","68,000gt","","","14H32/40V"
"SS 2014","Emerald Sky","De Hoop Shipyard","Rolls-Royce","Scenic","The Netherlands","21 February 2014","135.00m","","","3,047gt","","Marine Diesel engine","C32"
"SS 2014","Excelerate Experience","Daewoo Shipbuilding & Marine","Veth Z-drive, VZ 900-CR","Excelerate Energy","Korea","March 2014","294.50m","","9638525","116,000gt","","","12V50DF & 6L50DF"
"SS 2014","F.A. Gauthier","Fincantieri","Samwoo","Société des traversiers du Québec","Canada","2 April 2014","133.20m","","9669861","16,200gt","","","Asynchronous 3,150V, 3 phase, 46.6Hz"
"SS 2014","Framura","SPP Shipbuilding","Navalimpianti","Premuda","Korea","31 December 2014","223.00m","","9691395","42,495gt","","","5S60ME-C (MK8.2)"
"SS 2014","Gas Star","Hyundai Heavy Industries","SPP Shipbuilding/ Silla Metal","KSS Line","Korea","January 2014","225.16m","","9670004","47,454gt","","","Hyundai-MAN B&W 6S60MC-C8.2"
"SS 2014","Golar Eskimo","Samsung Heavy Industries","Hyundai","Golar LNG","Korea","6 January 2014","280.5m","","9624940","103,446gt","","Wärtsilä","12V50DF, 6L50DF"
"SS 2014","Jolly Titanio","STX Offshore & Shipbuilding","Nakashima","Messina","Korea","17 December 2013","240.00m","","9547219","51,060gt","","MAN Diesel & Turbo","7L70ME-C 8.2"
"SS 2014","KYO-EI","Japan Marine","Rolls-Royce","Kyoei Tanker Co., Ltd","Japan","13 November 2014","","","9663843","162,858gt","","MAN B&W","7G80ME-C"
"SS 2014","Lewek Constellation","Hyundai Heavy Industries","Japan Marine United/ Nakashima propeller Co/. Ltd","Oldendorff","Korea","2014","300m","","9691929","109,000gt","","Two stroke, crosshead, turbocharged marine diesel engine","Hyundai-MAN B&W 6G70ME-C9.2"
"SS 2014","Loch Seaforth","Flensburger","Hyundai","Caledonian Maritime Assets (CMAL/ Caledonian MacBrayne)","Germany","30 September 2014","117.90m","","9665437","8,680gt","","Wärtsilä","8L 32"
"SS 2014","Mein Schiff 3","STX Finland Oy","Man Alpha","TUI Cruises","Germany","September 2014","293.30m","","9641730","99,526gt","","Medium speed","12V46F, 8L46F"
"SS 2014","MOL Bravo","Jiangsu Yangzi","Rolls-Royce","Seaspan","China","22 May 2014","337m","","9685322","112,083gt","","MAN B&W","10S90MEC9.2"
"SS 2014","Orange Phoenix","Imabari Shipbuilding","Nakashima","EL SOL Maritime S.A","Japan","13 July 2014","299.94m","","9700835","107,229gt","","2 stroke cycle, single acting, direct reversible, crosshead type diesel engine with turbocharger","6S70ME-C8.2"
"SS 2014","Pegasus Tera","Hyundai Mipo Dockyard","Mitsubishi Heavy","Dongyoung Shipping","Korea","23 October 2014","145.76m","","9685061","9,988gt","","Hyundai B&W","6S46ME-B8.2 (Tier II)"
"SS 2014","Pegasus Voyager","Samsung Heavy Industries","Hyundai","Chevron","Korea","4 March 2014","275.60m","","9665736","85,147gt","","MAN B&W","6G70ME-C9.2"
"SS 2014","Pierre de Fermat","Vard","Kawasaki","Orange Marine","Norway","5 August 2014","100.1m","","9694505","","","CAT",""
"SS 2014","Pieter Schelte","Daewoo Shipbuilding & Marine Engineering","Allseas","Societe D’ Exploitation Du","Korea","Mid-2014","382.00m","","9593505","","","Four stroke diesel engines compliant with IMO Tier II","8 x 20V32/44CR, 1 x 9L32/44CR"
"SS 2014","Pirgos","Anrun Ship","Norden Ship Design House","Elefteros Shipping","Turkey","October 2014","136.57m","","","6,600gt","","","6UEC33LS"
"SS 2014","Q Anastasia","Sungdong Shipbuilding &","Norden Ship Design","Quintana Shipping","Korea","30 May 2014","292.00m","","9696046","","","","MAN B&W 6G70ME-C9.2 Tier II"
"SS 2014","San Sha 1 Hao","Bohai Shipbuilding","Hyundai Heavy","Sansha local government","Denmark/China","5 November 2014","122.30m","","","12,580gt","","","MAN 9L32/40 IMO Tier II"
"SS 2014","Seishu Maru","Mitsubishi Heavy Industries","medium speed four-stroke, turbocharged, charge-air cooled","Trans Pacific Shipping 1","Japan","December 2014","","","9666558","136,740gt","","MHI Marine Machinery & Engine","Frame A-49M"
"SS 2014","SITC Shandong","CSBC Corporation, Taiwan Keelung shipyard","MHI Marine machinery & Engine","SITC Shipping","Taiwan","30 September 2014","171.99m","","9691113","17,119gt","","MAN","6S60ME-C8.2"
"SS 2014","Tachibana-Maru","Mitsubishi Heavy Industries, Shimonoseki, Japan","CSBC/Silla Metal","Tokai Kisen","Japan","October 2014","118.00m","","","5,681gt","","UE Engine","6UEC35LSE-Eco-B2"
"SS 2014","Thermopylae","Hyundai Samho Heavy Industries","Nakashima","Wilh. Wilhelmsen Lines","Korea","4 June 2014","199.79m","","9702443","74,500gt (preliminary)","","Hyundai-Man B&W","8S60ME-C8.2"
"SS 2014","Tokitae","Vigor Industrial","Rolls Royce A/B / HHI-EMD","Washington State Ferries","USA","13 November 2014","110.41m","","","","","","12-710"
"SS 2014","UASC Tabuk","Hyundai Samho","Rolls-Royce","IME","Korea","5 June 2014","299.92m","","9695016","94,930gr","","Wärtsilä","W9X82"
"SS 2014","Velikiy Novgorod","STX Offshore & Shipbuilding","HHI-EMD","SCF Sovcomflot/ Unicorn Management Services","Korea","3 June 2014","299.90m","","","113,876gt","","Diesel-electric propulsion system","2 x 11,700kW electric propulsion motors ABB"
"SS 2014","Waasmunster","Hyundai Mipo Dockyard","Silla Metal","Exmar Shipping","Korea","29 January 2014","174.06m","","9659103","25,143gt","","Hyundai-B&W","6S50ME-B9.2"
"SS 2014","Wedellsborg","Cantieri Navali Visentini","NAOS Ship & Boat Design","Nordana","Italy","1 April 2014","178.80m","","9687306","11,630gt","","MAN Diesel & Turbo","9L32/44CR"
"SS 2014","","","NAOS/ MAN-Alpha","","","","","","","","","Caterpillar 3516C",""
"SS 2015","Al Murabba","Hyundai Samho","","UASC","Republic of Korea","","368.52m","","9708837","15,3148gt","","HYUNDAI-MAN B&W","9S90ME-C10.2"
"SS 2015","Aranui 5","Huanghai Shipbuilding","HHI-EMD","Companie Polynesienne de","China","1 March 2015","126.08m","","9677492","11,468gtonnes","","Caterpillar","8M32C"
"SS 2015","Asphalt Splendor","Avic-Dingheng","Shanghai Goodway","Sargeant Marine Inc. Country: ......................................................... US","China","October 2015","179.90m","","9763332","26,119gt","","Wärtsilä","5RT-flex50D, Tier II"
"SS 2015","Atlantic Star","Hudong-Zhonghua Shipbuilding (Group) Co. Ltd, China","Nanjing High","Atlantic Container Line AB","Denmark","15 December 2015","296m","","9670573","100,430","","Wärtsilä","2-stroke 8RT-flex68-D"
"SS 2015","Barzan","Hyundai Samho","Wärtsilä Propulsion","UASC","Republic of Korea","27 October 2015","400m","","9708851","19, 5636gt","","HYUNDAI-MAN B&W","10S90ME-C10.2"
"SS 2015","Cielo d’Italia","Sanoyas Shipbuilding","HHI-EMD","d’Amico Dry Limited","Japan","8 May 2015","245m","","9539274","63,087gt","","Mitsui Engineering & Shipbuilding Co.Ltd. Model: ....................MAN B&W 6G60ME-C9.2",""
"SS 2015","CMA CGM Arkansas","Samsung Heavy Industries","Nakashima","BCLC / CMA CGM","Korea","3 February 2015","Approx. 299m","","9722651","94,000gt","","Man Diesel & Turbo","8S90ME-C9.2"
"SS 2015","CMA CGM Kerguelen","Samsung Heavy Industries","SHI / MMG","CMA CGM","Korea","July 30 2015","Approx. 398m","","9702132","175,000gt","","MAN Diesel & Turbo","11S90ME-C9.2"
"SS 2015","","STX Offshore & Shipbuilding Co.Ltd. Vessel’s name: .................... D&K Abdul Razzak","SHI / MMG","D&K Holdings LLC. Designer: ..................................... STX Offshore & Shipbuilding Co.Ltd. Country: ................................Republic of Korea","","March 31 2015","Appx. 182.9m","","9700213","29, 554gt","","","STX-MAN B&W 6G50ME-B9.3"
"SS 2015","","Hyundai Mipo Dockyard Ltd. Vessel’s name: ................................Dole Pacific","Silla Metal","Dole Food Company Inc. Country: .......................................................USA","","22 September 2015","189.98m","","9703057","","","Hyundai-MAN B&W","8L70ME-C8.2 (Tier II)"
"SS 2015","Eagle Barents","Samsung Heavy","Hyundai Heavy","AET Sea Shuttle","Republic of Korea","10 November 2015","Approx. 273m","","9676125","88,000gt","","2 stroke, diesel engine","6G50ME-B9.3"
"SS 2015","ENSCO DS-8","Vard Langsten","Rolls-Royce","Farstad Construction AS","Norway","July 2015","142.6m","","9687356","15,008gt","","","B32:.......... 40L9ACD (Bergen generating set)"
"SS 2015","","Jiangnan Shipyard (Group) Co.Ltd. Vessel’s name: ..........................................Gas Taurus","Rolls-Royce Marine","Southwest Maritime Limited","Hong Kong","26 March 2015","226m","","9710385","46,789gt","","MAN B&W","6S60ME-C8.2"
"SS 2015","Hidaka","Mitsubishi Heavy Industries Ltd (design), Kanda Shipbuilding","Zhenjiang","Kinkai Yusen Kaisha","Japan","","179.9m","","9726138","11,185gt","","MAN B&W","9S50ME-C8.2"
"SS 2015","Isaac Newton","Uljanik Brodogradilište, Croatia","Kamome Propeller","Sofidra","Luxembourg","28 January, 2015","138m","","9707297","16,255gt","","","9L 37-38"
"SS 2015","Isla Bella","General Dynamics NASSCO, San Diego California","Schottel","TOTE Shipholdings/Operator: .......TOTE","Busan, South Korea","27 November 2015","233m","","9680841","36,751gt","","-","MAN D&T 8L70ME-C8.2GI"
"SS 2015","","STX Offshore & Shipbuilding Co. Ltd. Vessel’s name: ..............................Jolly Cobalto","Daewoo","Messina","Italy / Genova","16 October 2015","240m","","9668960","51,060gt","","MAN Diesel & Turbo","7L70ME-C 8.2"
"SS 2015","JS Ineos Insight","Sinopacific Offshore & Engineering","Rolls-Royce","SNC Multigas S1015 / Evergas Management A/S","Denmark / China","17 February 2015","180.3m","","9685425","22,887gt","","","6L50 Duel Fuel"
"SS 2015","","Sungdong Shipbuilding & Marine Engineering Co., Ltd. Vessel’s name: ............................K. Younghung","Wärtsilä","KSF 33 International","Panama","July 2015","273m","","9708590","79,000gt","","MAN B&W","5G70ME-C9.2 Tier II"
"SS 2015","LNG Bonny II","Hyundai Heavy Industries","Sungdong","Bonny Gas","Republic of Korea","August 2015","About 299.5m","","9692002","115,995gt","","Four stroke, single acting, trunk piston, turbocharged, intercooled, constant speed, non-reversible, dual fuel burning. Model: .................................Wärtsilä 8L50DF",""
"SS 2015","Finima II","Samsung","HHI-EMD","Bonny Gas Transport Ltd. Country: .............................................................-","Republic of Korea","","approx. 293m","","9690145","116,600gt","","Wärtsilä","8L50DF"
"SS 2015","Maersk Tacoma","Sungdong Shipbuilding & Marine","Nakashima","Maersk Tankers A/S","Denmark","30 November 2015","183m","","9708617","29,445gt","","MAN B&W","6G50ME-B9.3 Tier II"
"SS 2015","Maran Gas Achilles","Hyundai Samho","Sungdong","Maran Gas","Republic of Korea","April 2015","290m","","9682588","113680gt","","Wärtsilä","8L50DF, 12V50DF"
"SS 2015","MSC Oscar","Daewoo Shipbuilding & Marine","HHI-EMD","Mediterranean","Switzerland","14 December 2015","395.4m","","9703291","192,237gt","","MAN B&W","MAN B&W 11S90ME-C9.2"
"SS 2015","Natori","Kyokuyo Shipyard Corporation, Japan","MMG (Mecklenburger)","Imoto Lines","Japan","January 10 2015","136.25m","","9729788","7,390gt","","MAN B&W","7S35MC7"
"SS 2015","","STX Offshore & Shipbuilding Co. Ltd. Vessel’s name: ............................ NAVIG8 Excel","Nakashima","NAVIG8 Product","Singapore","11 December 2015","219m","","","42,500gt","","MAN Diesel & Turbo","6S60ME-C 8.2"
"SS 2015","","Sungdong Shipbuilding & Marine Engineering Co., Ltd. Vessel’s name: ......................... Navig8 Serenity","Silla Metal","Navig8 Ship Management","Republic of Korea","3 November 2015","249.9m","","9708552","63,915gt","","MAN B&W","6G60ME-C9.2 Tier II"
"SS 2015","Nissos Therassia","Hyundai Heavy Industries","Sungdong","Kyklades Maritime, Athens","South Korea","June 2015","252m","","9694646","","","Two stroke, single acting, crosshead, direct reversible, marine diesel","Hyundai- Wärtsilä 6X62"
"SS 2015","Ohio","Philly Shipyard Inc. Philadelphia, PA","HHI-EMD","Crowley Maritime","Republic of Korea","5 January 2015","183.31m","","9704776","29,801gt","","Two stroke","6S50ME-B9.3 (TIER II)"
"SS 2015","Othoni","Hyundai Mipo","Hyundai Heavy","Eletson Gas","Greece","30 September 2015","abt. 147m","","9711494","13,700gt","","Hyundai Heavy Industry – B&W","6S46ME-B8.3 (Tier II)"
"SS 2015","Sea Bird","Hyundai Heavy Industries","Hyundai","Petredec/Shell","Republic of Korea","24 July 2015","225m","","9726061 otal number of sister ships already completed (excluding ship presented):............................ 1","47,347gt","","Two stroke, single acting, crosshead, turbocharged, reversible","Hyundai-B&W 6G60ME-C9.2"
"SS 2015","Shandong Zheng Tong","Qingdao Beihai Shipbuilding","HHI-EMD","Shandong Dacheng","China","18 November 2015","325m","","9702649","133,524gt","","Wärtsilä","6RT-flex82T-B TII (Delta Tuning)"
"SS 2015","Skandi Africa","Vard Søviknes, Norway","TTS","DOF Subsea Rederi AS","Norway","February 2015","160.9m","","9687459","","","PYRO",""
"SS 2015","Songa Fortune","Hrvatska Brodogradnja Trogir, Croatia (Brodotrogir Group)","","Songa Shipmanagement","Croatia","October 6 2015","184,00m","","9693812","28,326gt","","Two Stroke","6S50ME-B9.3"
"SS 2015","Stena Impression","Guangzhou Shipyard","MMG","Northern Marine Management Ltd. Country: ...................................United Kingdom","China and Sweden","","183.20m","","9667461","29,666gt","","","MAN-B&W 6S50ME-B9.3"
"SS 2015","True Love","Chengxi Shipyard, CSSC","Fixed/Controllable pitch: ....................... Fixed","CSSC Leasing/ AQUAVITA International","China","22 Jan 2015","179.95m","","9697143","25,515gt","","Wärtsilä","5RT-flex50-D, Tier II"
"SS 2015","","","CSSRC/Zhenjiang","","","","","","","","","WMMP",""
"SS 2015","","Hanjin Heavy Industry & Construction Co., Ltd. Vessel’s name: ............................ UASC Al Khor","TTS Huahai","Technomar Shipping Inc. Country: ..................................................Greece","","12 May 2015","299.9m","","9710220","94,416gt","","MAN Diesel Turbo","8G95ME C9.5"
"SS 2015","Venture Goal","CSC Qingshan Shipyard, China","HHIC-TMS / Hyundai Heavy Industries","HBC Hamburg Bulk Carriers","Finland","12 June 2015","189.99m","","9670731","24,000gt","","Two stroke","5S50ME-B9.3 (Tier II)"
"SS 2015","","Fincantieri S.p.A. Vessel’s name: ................................. Viking Star","SMC Design of London, (Rottet","Viking Cruises","UK","January 2015","228.2m","","9650418","47.842gt","","","2x12V32/44, 2x9L32/44 (560kW/cyl)"
"SS 2016","AIDAprima","Mitsubishi Heavy","","Costa Crociere / AIDA Cruises","Japan","","299.95m","","9636955","125,572gt","","Caterpillar Motoren","12V43MC & 12V46DF (DF engine)"
"SS 2016","BBC BIRTE H","Jiangsu Hongqiang","ABB/Fundilusa","Krey Schiffahrts GmbH & Co. MS "Graf Johann" KG Leer","China","14 March 2016","147m","","9697325","114,94gt","","MAN","5G45ME-C9.5 Tier II"
"SS 2016","British Nimbus","Hyundai Mipo Dockyard Co. Ltd","Wärtsilä‐","ICBC LEASING / BP","Korea","14 May 2016","Abt, 183m","","9724544","","","Hyundai Heavy Industries – B&W","6G50ME-B9.3 (Tier II)"
"SS 2016","","STX Offshore & Shipbuilding Co. Ltd. Vessel’s name: ....................BRITISH RESPECT","Hyundai","BP Shipping Limited","United Kingdom","29 December 2016","Approx 249.85m","","9683001","64,309gt","","MAN Diesel & Turbo","STX-MAN B&W 6G60ME-C9.2"
"SS 2016","","Hanjin Heavy Industry & Construction Co., Ltd. Vessel’s name: .............................. Cape Akritas","Silla Metal Co. Ltd","Costamare Inc. Country: ..................................................Greece","","5 February 2016","330m","","9706190","112,836tonnes (international)","","MAN Diesel Turbo","8G95ME C9.5"
"SS 2016","Carnival Vista","Fincantieri","HHIC-TMS / Hyundai Heavy","Carnival Cruise Line","USA","20 September 2016","321.5m","","9692569","133.500gt","","","2 x 14V48/60CR + 3 x 8L48/60CR"
"SS 2016","DLV 2000","Keppel Singmarine Pte Ltd","ABB","McDermott International Inc","United States of America","29 April 2016","184m","","","45,247gt","","Wärtsilä","12V32"
"SS 2016","DRIVE GREEN HIGHWAY","Japan Marine United Corporation","Rolls Royce Marine","JMU5044","Japan","7 June 2016","max. 199.99m","","9728069","76,387gt","","MAN B&W","7S60ME-C8.2"
"SS 2016","Eeva VG","Royal Bodewes, Papenburg","Japan Marine United / Nakashima Propeller Co., Ltd. Number: ......................................................................... 1","Gaiamare Ltd/Meriaura Ltd. Country: ................................................. Finland","Finland, Netherlands","9 February 2016","103m","","9769104","3,405gt","","Medium speed trunk piston diesel engine","8DZC"
"SS 2016","","Hanjin Heavy Industry & Construction Co., Ltd. Vessel’s name:....................... Engie Zeebrugge","Caterpillar","LNG Link Investment","Belgium","30 September 2016","abt. 107.6m","","9750024","Calculation in progress","","Wärtsilä","9L 20DF"
"SS 2016","Ethane Crystal","Samsung Heavy","Wärtsilä","Reliance Industries Limited","Republic of Korea","15 December 2016","228m","","9752278","57,000gt","","MAN Diesel & Turbo Licensee","6S60ME-C9.5"
"SS 2016","","Hanjin Heavy Industry & Construction Co. Ltd. Vessel’s name: ..................... GENER8 HECTOR","Silla Metal","Navig8 Tankers","Singapore","October 2016","333m","","9730086","156,517tonnes","","MAN B&W","7G80ME-C9.2"
"SS 2016","KONINGSDAM","Fincantieri","Hanjin Heavy","Holland America Line","Norway /USA","15 December 2016","299.65m","","9692557","99,836gt","","Diesel","12V43C"
"SS 2016","La Mancha Knutsen","Hyundai Heavy Industries","ABB OY","Knutsen OAS Shipping","Republic of Korea","31 March 2016","289.9m","","9721724","116,246gt","","Two stroke, single acting, crosshead, turbocharged, reversible, electronically controlled, gas injection","Hyundai – MAN B&W 7G70ME-C9.2-GI"
"SS 2016","Lindanger","Hyundai Mipo Dockyard Co., Ltd","HHI / HHI","Westfal-Larsen","Korea","21 September 2016","abt. 186m","","9725299","30,945tonnes","","","6G50ME-B9.3-LGI(TII)"
"SS 2016","LNG FUKUROKUJU","Kawasaki Heavy Industries","HMD / HHI-EMD","LNG FUKUROKUJU","Japan","18 April 2016","293m","","9666986","127,242gt","","Kawasaki Heavy Industries","Kawasaki URA-400 reheating-type steam-turbine propulsion plant"
"SS 2016","Manchac Sun","Minaminippon","Performance","FGP Shipbuilding","Japan","17 June 2016","186m","","9724013","","","MITSUI-MAN B&W","7S50ME-B9.3-LGI"
"SS 2016","MILOS","Sungdong Shipbuilding & Marine Engineering","Nakashima Propeller","Kyklades Maritime","Republic of Korea","28 September 2016","277.27m","","9746619","81,000tonnes","","WinGD","Wärtsilä 6X72"
"SS 2016","NAVIG8 TURQUOISE","STX Offshore & Shipbuilding","Sungdong","Navig8","Republic of Korea","October 2016","appx. 182.9m","","9753674","29,492gt","","MAN Diesel & Turbo","6G50ME-B9.3"
"SS 2016","Nord Isabella","Guangzhou Wenchong Shipyard","Shilla Metal","Reederei Nord","China","12 April 2016","195m","","9697014","28,316gt","","MAN Diesel & Turbo","6G60ME-C9.2-TII"
"SS 2016","NYK BLUE JAY","Japan Marine","MMG","Operator: ........... Rindou Ship","Japan","January 2016","364.15m","","9741372","144,285gt","","","Wärtsilä W9X82"
"SS 2016","Palanca Maputo","Hyundai Mipo Dockyard Co Ltd","Japan","Wisby Tankers","Korea","22 February 2016","abt. 183m","","9755725","","","","6S50Me-9.5(Tier II)"
"SS 2016","RB JORDANA","Sungdong Shipbuilding & Marine Engineering","Hyundai","Reuben Brothers","Republic of Korea","October 2016","229m","","9730816","43,600tonnes","","MAN B&W","5G60ME-C9.2"
"SS 2016","SALISH ORCA","Remontowa Shipbuilding","Silla Metal","British Ferry Services","Poland","May 2016","107.2m","","9750270","8,261gt","","8 cylinder in-line medium speed","W8L20DF"
"SS 2016","SC AQUARIUS","Jiangsu Hantong","Schottel","Goldwin Shipping Limited","China","22 November 2016","182.80m","","9753791","26,364gt","","Man B&W","6S50ME-B9.5"
"SS 2016","Seabourn Encore","Fincantieri","Nakashima","Seabourn Cruise Line","Italy","June 2016","210.5m","","9731171","41,865gt","","Wärtsilä","12V32-type D"
"SS 2016","Seaspan Swift","Sedef Shipyard","MMG, Germany","Seaspan Ferries","Canada","30 November 2016","148.9m","","9764233","4,810gt","","Wärtsilä","9L34DF"
"SS 2016","SEATRADE ORANGE","Yangfan Group","Shanghai Merchant Ship Design & Research Institute (SDARI), CSSC","Seatrade Groningen","China","In service from 22 January 2016","185m","","9690092","24,900gt","","MAN Diesel & Turbo","6G60ME-C9.2-TII"
"SS 2016","SERI CAMELLIA","Hyundai Heavy Industries","Rolls-Royce","MISC","Republic of Korea","August 2016","290.2m","","9714276","133,612gt","","Mitsubishi","MR36-II"
"SS 2016","Seven Seas Explorer","Fincantieri","HHI / HHI","Regent Seven Seas Cruises","Italy","30 September 2016","224.02m","","9703150","55,254gt","","Van Voorden",""
"SS 2016","SHI JIANG","Xiamen Shipbuilding","Navalimpianti","Shanghai Kingfour","China","30 June 2016","141.2m","","9757620","19,781gt","","MAN B&W","6S40ME B9.5-Tier II"
"SS 2016","SHTURMAN ALBANOV","Samsung Heavy","SDARI/Dalian","Sovcomflot","Republic of Korea","August 2016","249m","","9752084","45,000tonnes","","Azipod Propulsion Motor","AMZ"
"SS 2016","SILKEBORG","Tai Zhou Sanfu Ship","ABB","Nordana","China","16 August 2016","138m","","9685085","9,719gt","","MAN Diesel & Turbo","6S40ME-B9.3"
"SS 2016","SUNRAY","Sungdong Shipbuilding & Marine Engineering","Shanghai Marine","Tsakos Energy Navigation","Republic of Korea","January 2016","219m","","9761944","42,290tonnes","","MAN B&W","6G60ME-C9.5"
"SS 2016","Tian Zhen","Guangzhou Huangpu","Sungdong","COSCO Shipping Co. Ltd. Country:.................................................... China","China","August 2016","189.99m","","9722728","26,700gt","","Wärtsilä","6RT-flex50-B"
"SS 2016","TORDIS KNUTSEN","Hyundai Heavy Industries","Shanghai Marine","Knutsen NYK Offshore","Republic of Korea","May 2016","Abt. 284.3m","","9757711","90,031gt","","Two stroke, crosshead, turbocharged, non-reversible, marine diesel","6X72"
"SS 2016","TRINITY","Hyundai Samho Heavy","Kawasaki Heavy Industries","Diamond/Anglo Eastern Ship","Republic of Korea","28 November 2016","274.17m","","9730361","81,360gt","","Hyundai-MAN B&W","5G70ME-C9.2"
"SS 2016","VALPARAISO EXPRESS","Hyundai Samho","HHI-EMD","Hapag-Lloyd","Republic of Korea","29 March 2016","333.18m","","9777589","118,945gt","","HYUNDAI-MAN B&W","7S90ME-C10.5"
"SS 2016","Yara Kara","Hyundai Mipo Dockyard Co., Ltd","HHI-EMD","YARA LPG Shipping","Korea","2 November 2016","abt. 159m","","9734836","18,446tonnes","","Hyundai Heavy Industry – B&W","6S50ME-C8.2 (Tier II)"
"SS 2016","YM Window","CSBC Corporation, Taiwan","Hyundai Heavy","GC Intermodal XIII, LTD","Taiwan, R.O.C. Model test establishment used: .............. HSVA, Germany","22 June 2016","368m","","9708435","145,136tonnes","","MAN B&W","11S90ME-C10.2"
"SS 2016","YU PENG","COSCO (Dalian) Shipyard Co. Ltd","CSBC / Hyundai","Dalian Marine University","China","6 May 2016","199.8m","","9723473","27,143gt","","Wärtsilä","6RT-FLEX58T-D Tier II"
"SS 2018","Almi Atlas","Hyundai Samho Heavy","Hyundai Samho Heavy","Almi Tankers","Republic of Korea","","336.08m","","9816323","162,306gt","","Hyundai-B&W","7G80ME-C9.5-EGRTC"
"SS 2018","Amphion","Samsung Heavy Industries","Hyundai Heavy","CVLC One Carrier Corp. Country: .................................................Greece","Republic of Korea","13 March 2018","333m","","9830795","191,683gt","","","MAN B&W 7G80ME-C9.5"
"SS 2018","British Partner","Daewoo Shipbuilding & Marine","Daewoo Shipbuilding & Marine","BP Shipping","Republic of Korea","13 January 2019","294.9m","","9766530","115,366gt","","MAN Diesel & Turbo","MAN B&W 5G70ME-C9.5-GI (Derated)"
"SS 2018","BW Tulip","Daewoo Shipbuilding & Marine","Nakashima","BW Discovery Pte. Ltd. Country: ............................................Singapore","Republic of Korea","29 May 2018","294.9m","","9758064","114,364gt","","MAN B&W","5G70ME-C9.5-GI"
"SS 2018","","HHIC-Phil Inc. Vessel’s name: ..............CMA CGM Antoine De","Daewoo","CMA CGM","Republic of Korea / Republic of the Philippines","3 January 2018","400m","","9776418","217,600gt","","Hyundai-WinGD","W11X92"
"SS 2018","CMA CGM Pregolia","JinHai Intelligent Manufacturing","HHIC-Phil Korea / MMG","CMA CGM","China","26 January 2018","195.00m","","9745500","29,316gt","","MAN","6G60ME-C9.5 Tier II"
"SS 2018","","Philly Shipyard, Inc. Vessel’s name: ....................... Daniel K. Inouye","Wärtsilä CME","Matson Navigation, Co. Country: ......................................................USA","Korea","March 2018","260.3m","","9719056","48,409gt","","38,000kW","MAN B&W 7S90ME-C10.5-GI"
"SS 2018","DHT Bronco","Hyundai Heavy Industries","Hyundai Heavy","DHT","Republic of Korea","31 October 2018","333m","","9822994","","","","7G80ME-C9.5-HPSCR"
"SS 2018","Eagle Barcelona","Samsung Heavy Industries","Hyundai","AET Inc. Limited","Republic of Korea","27 July 2018","250m","","9795048","61,000gt","","","MAN 6G60ME-C9.5"
"SS 2018","El Coqui","VT Halter Marine","VT Halter Marine / Wärtsilä","Crowley ConRo LLC","United States / Norway","January 2018","219.5m","","9721968","37,462gt","","MAN","8S70ME-C8.2-GI"
"SS 2018","Flavin","Jiangsu New Hantong Ship","Wärtsilä","Cardiff Marine","China","18 July 2018","249.9m","","9787912","64,321gt","","","6G50ME-C9.5-TII"
"SS 2018","Fure Vinga","AVIC Dingheng","FKAB Sweden","Furetank Chartering","Sweden","March 2018","149.9m","","9739800","12,770gt","","Wärtsilä","9L34DF"
"SS 2018","Gagarin Prospect","Hyundai Samho Heavy","Wärtsilä","Sovcomﬂot","Republic of Korea","4 April 2018","249.99m","","9826720","64,909gt","","Hyundai-Wärtsilä","W7X62DF"
"SS 2018","Golar Nanook","Samsung Heavy Industries","Hyundai Heavy","Golar LNG Ltd. Country: ..................................United Kingdom","Republic of Korea","30 July 2018","305.8m","","9785500","107,049gt","","","8L50DF"
"SS 2018","","HHIC-Phil Inc. Vessel’s name: ............................HMM Promise","HHIC-Phil Korea / HHIC-Tech","Hyundai Merchant Marine","Republic of Korea / Republic of the","September 2018","330m","","9742168","114,000gt","","MAN Diesel Turbo","8G95ME C9.5"
"SS 2018","Hoegh Gannet","Hyundai Heavy Industries","HHIC-Phil","Hoegh","Republic of Korea","23 June 2018","294m","","9822451","110,532gt","","Four stroke, single acting, trunk piston, turbocharged, intercooled, constant speed, non-reversible, dry sump, dual fuel burning","Wärtsilä 8L50DF / 6L50DF"
"SS 2018","","HHIC-Phil INC. Vessel’s name: ................................ Iberian Sea","Hyundai Heavy","Eastern Paciﬁc Shipping","Republic of Korea / Republic of the Philippines","06 December 2018","249.8m","","9815604","63,416gt","","MAN Diesel Turbo","6G 60ME-C9.5"
"SS 2018","Industrial Courage","Guangzhou Wenchong Shipyard","HHIC-Phil Korea / HHI","CSSC (Hong Kong)","China","17 November 2018","99.99m","","9810329","7,498gt","","WinGD","W6X35-B, Tier II"
"SS 2018","Industrial Fame","Hudong-Zhonghua Shipbuilding (Group) Co., Ltd., / Guangzhou","Wärtsilä-CME","CSSC (Hong Kong)","China","April 2018","149.99m","","9785378","16,729gt","","MAN B&W","7S40ME-B9.5 TII"
"SS 2018","","Hyundai Mipo Dockyard Co., Ltd. Vessel’s name: ........................................ Kairos","Wärtsilä","B.Schulte / Blue LNG","Germany","January, 2018","117.10m","","9819882","8,070gt","","Four stroke, single acting, trunk piston, constant speed, non-reversible","9L20DF"
"SS 2018","Marshal Vasilevskiy","Hyundai Heavy Industries","Rotatable through 360°, Hydraulically steerable, Z drive construction","Gazprom Flot","Republic of Korea","16 October 2018","294.7m","","9778313","118,423gt","","Four stroke, single acting, trunk piston, turbocharged, intercooled, constant speed, non-reversible, dry sump, tri fuel burning","Wärtsilä 12V50DF / 6L50DF"
"SS 2018","Marvel Eagle","Kawasaki Heavy Industries, Ltd. Sakaide Shipyard","Hyundai Heavy","Mitsui O.S.K. Lines, Ltd. Country: ...................................................Japan","","31 October 2018","299.90m","","9759240","128,917gt","","","Induction motor"
"SS 2018","Marvel Falcon","Samsung Heavy Industries","Nakashima","NYK / Mitsui & Co., Ltd","Republic of Korea","19 October 2018","293m","","9760768","114,000gt","","WinGD","6X62DF"
"SS 2018","Morviken","Samsung Heavy Industries","Samsung Heavy Industries","Viken Crude AS","Republic of Korea","April 2018","274.3m","","9817494","81,000gt","","","MAN 6G70ME-C9.5"
"SS 2018","Nautical Deborah","Jiangsu Hantong Ship Heavy","Shanghai Merchant Ship Design &","Reederei NSB","China","April 2018","227.98m","","9794836","46,372gt","","MAN","6S60ME-C8.5"
"SS 2018","","Hyundai Mipo Dockyard Co., Ltd. Vessel’s name: .............New Golden Bridge VII","MMG","Weidong Ferries","Korea & China","28 July 2018","196.13m","","9813254","30,322gt","","HiMSEN","12H46/60VP(Tier II)"
"SS 2018","","Huanghai Shipbuilding Co., Ltd. Vessel’s name: ..................... New Shidao Pearl","Wärtsilä","Shidao International Ferry","China","10 September 2018","169.90m","","9812767","19,988gt","","Wärtsilä","12V32E"
"SS 2018","Pola Makaria","OJSC Shipyard Krasnoye","Wärtsilä","Pola Group","Ukraine","10 February 2018","140.88m","","9849423","6,266gt","","Diesel engine","6L20"
"SS 2018","Sabre Trader","Yangzijiang Shipbuilding","Schottel SRP 340FP","Lomar Shipping","China","24 May 2018","172m","","9817884","19,035gt","","","WinGD 6RT-Flex58T-E"
"SS 2018","Saint John Paul II","Incat Tasmania Pty Ltd","Changzhou","Virtu Wavepiercer Limited","Tasmania","September 2018","110.6m","","9817274","9,044t","","","MTU 20V 8000 Series M71L"
"SS 2018","Sao Diana","Hyundai Heavy Industries","Wärtsilä Lips LJX 1500SR Waterjets","Polaris Shipping","Republic of Korea","4 January 2019","333m","","9822255","","","","Hyundai-MAN B&W 7G80ME-C9.5"
"SS 2018","RRS Sir David Attenborough","Japan Marine United","Hyundai","Ferry Sunflower Ltd. Country: ...................................................Japan","Japan","2019","192m","","9797010","13,659 (Japanese)","","SEMT-Pielstick","12PC2.6B"
"SS 2018","Titus","Tianjin Xingang Shipbuilding","Japan Marine United","Wallenius Wilhelmsen","Finland","27 April 2018","199.9m","","9700512","73,358gt","","MAN B&W","8S60ME-C8.2"
"SS 2018","Tropic Hope","Guangzhou Wenchong Shipyard","Rolls-Royce","Tropical Shipping LLC, USA","China","31 May 2018","159.73m","","9809904","15,215gt","","MAN B&W","6S60MEC8.5 TIER II with HPSCR"
"SS 2018","W B Yeats","Flensburger Schiffbau-","MAN","Irish Ferries Limited","Germany / Denmark / Ireland","November 2018","194.80m","","9809679","51,388gt","","Medium-speed diesel engine","8M43"
"SS 2018","Yuan He Hai","Shanghai Waigaoqiao","Caterpillar","China Ore Shipping","China","12 December 2018","361.90m","","9806873","203,403gt","","MAN B&W","7G80ME-C9.5-TII"
"SS 2019","Admiral Schmidt","Shanghai Shipyard Co, Ltd. China","Shanghai Merchant Ship Design &","Arctic Shipping &","China","","abt. 250m","","9838838","66,291gt","","WinGD","WinGD W7X62-B TIER III WITH HP"
"SS 2019","Aurora Spirit","Guangzhou Shipyard","Wärtsilä","Berge Bulk Maritime","China","November 2019","327.00m","","9739525","151,969gt","","MAN B&W","6G80ME-C9.2 Tier II with low load exhaust gas bypass tuning"
"SS 2019","Bow Orion","Hudong-Zhonghua shipyard","Wärtsilä / Wärtsilä-CME Zhenjiang Propeller Co.,ltd","Odfjell","China","28 February 2019","182.88m","","9818515","34,646gt","","7,820kW (SMCR)",""
"SS 2019","CB Adriatic","Jiangsu New Hantong Ship","Shanghai Merchant Ship Design & Research Centre (SDARI)","Elfte Büttner","China","26 August 2019","183.00m","","9851696","27,250gt","","MAN","6S50ME-C9.6-HPSCR with scrubber"
"SS 2019","China Steel Liberty","CSBC Corporation, Taiwan","MAN","China Steel Express","Taiwan","28 October 2019","299.7m","","","105,964gt","","MAN B&W","6S70ME-C8.5"
"SS 2019","Clipper Eos","Hyundai Mipo Dockyard Co., Ltd","CSBC/Dalian","Solvang","Republic of Korea","20 May 2019","abt. 159.9 m","","9827205","18,898gt","","","HYUNDAI-MAN B&W 6S50ME-"
"SS 2019","CMA CGM Argentina","Hyundai Samho Heavy","Hyundai Heavy","Eastern Pacific Shipping / CMA CGM","Republic of Korea","31 January 2019","365.98m","","","149,314gt","","Hyundai-Man B&W","11G90ME-C10.5-EGRTC"
"SS 2019","Dijilah","Samsung Heavy Industries","HHI-EMD","Al-Iraqia Shipping Services & Oil Trading (AISSOT)","Republic of Korea","1 July 2019","Approx. 333m","","9829629","161,960gt","","MAN Energy Solutions","MAN B&W 7G80ME-C9.5"
"SS 2019","Eagle Brasilia","Samsung Heavy Industries","Samsung Heavy","AET Tankers Pte Ltd","Republic of Korea","17 January 2019","Approx. 250m","","9795062","62,150gt","","WinGD","6X62DF"
"SS 2019","Express 4","Austal Pty Ltd","Samsung Heavy","Molslinjen","Australia","4 January 2019","109m","","9824564","11,345gt","","MAN","20V 20/33D STC"
"SS 2019","GasLog Warsaw","Samsung Heavy Industries","Wärtsilä LJX1500","GasLog Ltd. Country: .................................................. Greece","Republic of Korea","29 January 2019","297m","","9816763","120,800gt","","WinGD","5X72DF"
"SS 2019","Histria Atlas","Santierul Naval Constanta S.A. (Constanta Shipyard)","Silla Metal Co. Number: ................................................2 sets","Histria Shipmanagement Srl","Germany","","180.00m","","9800790","26,310gt","","MAN Diesel","MAN B&W 6S50ME – C9.5 Tier II"
"SS 2019","Hunter Atla","Daewoo Shipbuilding & Marine","Wärtsilä Marine","Hunter Tanker AS","Republic of Korea","11 March 2019","336.0m","","9851830","156,452gt","","MAN Energy Solutions","MAN B&W 7G80ME-C9.5 (derated)"
"SS 2019","Hypatia de Alexjandría","Dalian Shipbuilding Offshore","Nakashima","Evergas Management AS","China","21 January 2019","231.57m","","9799379","59,226gt","","MAN B&W","6G60ME-C9.5-GIE-TII & TIII"
"SS 2019","Kai Oldendorff","Hyundai Mipo Dockyard Co., Ltd. Vessel’s name: ............................. KMTC Tokyo","MAN Diesel Alpha propeller VBS 1810","Mitsui & Co., Ltd. Country: ....................................................Japan","Germany","31 January 2019","172.07m","","9848871","17,853gt","","Hyundai-MAN B&W 6S60ME-C10.5(Tier II)","KAA006660"
"SS 2019","Lachin","Baku Shipyard LLC","Hyundai Mipo","Azerbaijan Caspian","Ukraine","28 February 2019","141.00m","","9821469","5,371gt","","Diesel engine","6L20"
"SS 2019","Laureline","Hyundai Mipo Dockyard Co., Ltd","Rudder-propeller/ Wärtsilä WST-14 FP","CLdN Cobelfret","Republic of Korea","13 December 2019","abt. 216.5m","","9823352","50,443gt","","Hyundai-MAN B&W","Hyundai-MAN B&W 7S50ME-C9.5(Tier II)"
"SS 2019","Maran Gas Andros","Daewoo Shipbuilding & Marine","Rolls-Royce","Maran Gas Maritime Inc. Country: .................................................. Greece","Republic of Korea","4 January 2019","294.9m","","9810379","113,793gt","","MAN B&W","5G70ME-C9.5-GI"
"SS 2019","Mari Couva","Hyundai Mipo Dockyard Co.Ltd","Daewoo","Marinvest AB/Waterfront","Sweden","14 June 2019","183m","","9848584","29,900gt","","Hyundai - MAN B&W","B&W 6G50ME-C9.5-LGIM-HPSCR"
"SS 2019","Mater","Chengxi Shipyard Co, Ltd","Hyundai Heavy","Mater Shipping Ltd/ Royal","China","16 August 2019","210.00m","","9841184","52,906gt","","MAN","MAN 6G50ME-C9.5 TIII"
"SS 2019","Matterhorn Explorer","Hyundai Samho Heavy","TTS-Huahai","CCB Financial Leasing Co., Ltd / Trafigura","Republic of Korea","14 June 2019","229.98m","","9847425","46,668gt","","Hyundai-B&W","6G60ME-C9.5"
"SS 2019","MSC Gülsün","Samsung Heavy Industries","Hyundai Heavy","Mediterranean Shipping","Switzerland","15 May 2019","399.903m","","9839430","approx.233,500gt","","MAN Energy Solutions","MAN B&W 11G95ME-C9.5"
"SS 2019","MSC Josseline","Hyundai Heavy industries","Samsung HI/MMG","Zodiac Maritime / MSC","Republic of Korea","4 July 2019","Max.366.00m","","9842061","140,976gt","","","WinGD 10X92 – B"
"SS 2019","Navis-1","JCS Okskaya Sudoverf","Hyundai","State Transport Leasing","Ukraine","1 June 2019","123.17m","","9868730","4,982gt","","Diesel engine","6EY22AW"
"SS 2019","Nissos Rhenia","Hyundai Heavy Industries","Rudder-propeller/ Schöttel SRP 340FP","Kyklades","Republic of Korea","29 May 2019","332.995m","","9845685","160,457gt","","Hyundai-WínGD","7X82-B"
"SS 2019","Nord Yucatan","Nantong Xiangyu Shipbuilding &","Hyundai Heavy","Nisshin Shipping Co., Ltd. Country: ....................................................Japan","China","4 May 2019","199.90m","","9856232","35906gt","","MAN","6G50ME-C9.5"
"SS 2019","Oleander","Jiangsu New Yangzi","Shanghai Marine","Bermuda Container Line","China","21 October 2019","120.0m","","9827334","8,313gt","","MaK","9M32E"
"SS 2019","Orange Stream","Guangxin Shipbuilding & Heavy","MaK","Seatrade","Netherlands/China/Norway","January 2019","115.1m","","9795983","6,088gt","","MAN","MAN B&W 5S35ME-B9.5"
"SS 2019","Prism Agility","Hyundai Heavy Industries","Wärtsilä-CME","SK Shipping","Republic of Korea","19 March 2019","298.97m","","9810549","","","WinGD","5X72DF"
"SS 2019","Saga Dawn","China Merchants Heavy Industry","Hyundai Heavy","Saga LNG Shipping Pte. Ltd","Singapore / Norway","10 May 2019","195,3m","","9769855","32,158gt","","Dual fuel","W12V50DF"
"SS 2019","Samnøy","Jiangsu New Times","Wärtsilä 4E1540","POS Maritime JC S.A. / Pan","China","13 February 2019","339.90m","","9844069","173,504gt","","MAN B&W","7G80ME-C9.5-TII Low Load EGB"
"SS 2019","Seatrade Green","Yangfan Group Co., Ltd","SDARI","Seatrade","Netherlands / China","12 November 2019","185.0m","","9810915","24,876gt","","MAN","MAN B&W 6G60ME-C9.2"
"SS 2019","SITC Cebu","Jiangsu New Yangzi","Dalian Huarui HI","SITC Shipowning Group","China","15 January 2019","188.80m","","9845726","26,771gt","","MAN","MAN B&W 7S60ME-C10.5, Manufacturer: .....................................Doosan"
"SS 2019","Spirit of Discovery","Meyer Werft GmBH","Shanghai Merchant","Saga Cruises","Germany","October 2019","236.71m","","9802683","58,119gt","","4 stroke tier III compliant","32/44 9L"
"SS 2019","Tasmanian Achiever II","NanJing JinLing Shipyard","Mecklenburger","Toll Transport Pty Ltd","UK & Italy","20 June 2019","210m","117rpm","9812468","","","MAN Energy Solutions","9S40ME-B9.5"
"SS 2019","Turquoise P","Hyundai Heavy Industries","Kongsberg","Pardus","Ireland","25 October 2018","294.28m","","9823883","109,777gt","","Dual fuel diesel electric","8L50DF, 6L50DF"
"SS 2019","Vivit Dubhe","Hyundai Heavy Industries","Hyundai Heavy","Vitol","Republic of Korea","29 March 2019","228.48m","","9835173","49,552gt","","Hyundai-MAN B&W","6G60ME-C9.5-HPSCR"
"SS 2019","Zhong Gu Nan Hai","Nanjing Jinling Shipyard","Hyundai Heavy","Zhong Gu Shipping Group","China","20 March 2019","171.95m","","9842310","18,490gt","","WinGD","6RT-flex58T-E Tier II"
"SS 2019","Zhong Hua Fu Xing","Shandong Huanghai","SDARI /Tongzhou, Zhenjiang, China","Bohai Ferry Co., Ltd. Country: .................................................... China","China","July 2019","212.00m","","9849875","44,403gt","","Four-stroke engine, Diesel-mechanic drive, turning counter-clockwise","MAN 14V 32/40"
"SS 2019","Zhong Yuan Hai Yun Kai Tuo","COSCO Shipping Heavy","MAN","COSCO Shipping","China","4 November 2019","201.8m","","9837640","40,250gt","","","MAN 5G60ME-C9.5"
"SS 2020","","Hyundai Mipo Dockyard Co., Ltd. Vessel’s name: .................................Al Adailiah","Hyundai Mipo Dockyard Co., Ltd. Country: ................................Republic of Korea","Kuwait Oil Tanker","Kuwait","","Approx. 183m","","9856684","29,888gt","","Hyundai – MAN B&W","6G50ME-C9.5-HPSCR"
"SS 2020","Bajamar Express","Austal","Hyundai Heavy .Industries","Fred Olsen Express","Australia","28 February 2020","118m","","9874296","7,900gt","","","20V8000 M71L"
"SS 2020","Beate Oldendorff","Oshima Shipbuilding Co., Ltd","Kongsberg","Oldendorff Carriers GmbH &","","July 2020","199.995m","","9853022","34,909gt","","Kawasaki Heavy Industries","Kawasaki MAN B&W 6S50ME-B9.5"
"SS 2020","Bo Hai Heng Tong","Yantai CIMC Raffles","Nakashima Propeller","Bohai Ferry Group Co., Ltd","China","18 March 2020","189.9m","","9870680","24,777gt","","MAN B&W","9L32/40 Tier II"
"SS 2020","","Hudong-Zhonghua Shipbuilding (Group) Co., Ltd. Vessel’s name: ............................ Bow Explorer","Lyen Marine","Odfjell","China","29 September 2020","182.88m","","9828211","","","MAN","6G50 ME-C 9.5"
"SS 2020","Celsius Copenhagen","Samsung Heavy Industries","Samsung Heavy Industries","Celsius Shipping / Gunvor","Republic of Korea","August 2020","299.155m","","9864784","119,338gt","","Winterthur Gas & Diesel","W5X72DF"
"SS 2020","CMA CGM Jacques Saadé","Hudong-Zhonghua Shipbuilding (Group) Co., Ltd","Samsung Heavy","CMA CGM","China","October 2020","399.9m","","9839179","236,583gt","","WinGD","12X92DF"
"SS 2020","CMA CGM Tenere","Hyundai Samho Heavy","MMG","Eastern Pacific Shipping","Republic of Korea","22 September 2020","365.99m","","9859117","150,844gt","","MAN-ES ME-GI ENGINE","11G90ME-C10.-GI-EGRTC"
"SS 2020","CNTIC VPower Global","Cosco Shipping Heavy","Hyundai Heavy","CNTIC VPower LNG","China","September 2020","176.80m","","9696735","23,516gt","","","9L50DF"
"SS 2020","CSSC Cape Town","CSSC Huangpu Wenchong","Wärtsilä","Fortune Central Shipping","China","9 April 2020","254.92m","","9853888","66,786gt","","Two-stroke, single-acting, direct reversible crosshead type marine diesel engine with constant pressure turbocharging","CD-MAN-B&W 6G60ME-C9.5 Tier II"
"SS 2020","Del Monte Gold","CSSC, HuangPu WenChong","Wärtsilä-CME","Del Monte Fresh Produce","China","26 May 2020","192.00m","","9849643","22,305gt","","MAN","8S60ME-C10.5, Tier II"
"SS 2020","","Oshima Shipbuilding Co., Ltd. Vessel’s name: ...................Dietrich Oldendorff","SMARD","Oldendorff Carriers GmbH & Co. KG","","June 2020","234.96m","","9860350","53,219gt","","Mitsui E&S Machinery","Mitsui MAN 6G60ME-C9.5"
"SS 2020","Eagle Blane","Samsung Heavy Industries","Nakashima","AET Inc. Ltd. Country: .............................................Singapore","Republic of Korea","March 2020","277m","","9833101","85,700gt","","WinGD","7X52DF"
"SS 2020","Eagle Petrolina","Samsung Heavy Industries","Kawasaki Heavy Ind. Number: ....................................................... 2","AET Inc. Ltd. Country: .............................................Singapore","","February 2020","277m","","9858553","83,700gt","","WinGD","5X72"
"SS 2020","Eco Valencia","China Merchants Jinling","Kongsberg","Grimaldi Lines","Denmark","May 2020","238.00m","","9859533","67,311gt","","Rolls-Royce",""
"SS 2020","Esperanza","Guangdong Bonnyfair Heavy","TTS Marine AB","Navimag Ferries SA. Country: ......................................................Chile","Canada","16 October 2020","150.0m","","9850783","18,604gt","","Wärtsilä","9L20"
"SS 2020","Flex Aurora","Hyundai Samho Heavy","Sistemar / Wärtsilä","Flex LNG","Republic of Korea","10 September 2020","297.09m","","9857365","116,430gt","","WinGD","W5X72DF"
"SS 2020","FueLNG Bellina","Keppel Nantong Shipyard Co. Ltd","Hyundai Heavy","FueLNG Pte Ltd","Singapore","29 July 2020","119.50m","","9859636","8,319 gt","","","W8L20DF, W6L20DF"
"SS 2020","","Namura Shipbuilding Co., Ltd. Vessel’s name: ............................. Fujisan Maru","Namura Shipbuilding Co., Ltd. Country: ....................................................Japan","Iino Kaiun Kaisha, Ltd. Country: ....................................................Japan","","January 2021","338.92m","","9827360","160,106gt","","MAN","B&W 7G80ME-C9.5 high load tuning"
"SS 2020","Future Diamond","Hyundai Heavy Industries","Nakashima","JX Ocean","Japan","23 March 2020","229.94m","","9853864","46,863gt","","Hyundai-MAN B&W","Hyundai-MAN B&W 6G60ME-C9.5-HPSCR"
"SS 2020","Galicia","China Merchants Jinling","Hyundai Heavy","Stena / Brittany Ferries","Finland","31 January 2020","214.5m","","9856189","41,671gt","","Four-stroke medium-speed turbocharged and intercooled V-type","12VM43C"
"SS 2020","Global Energy","Daewoo Shipbuilding & Marine","Caterpillar /Berg","Maran Gas Maritime Inc. Country: .................................................. Greece","Republic of Korea","30 April 2020","294.9m","","9845013","113,800gt","","Two-stroke, dual-fuel","MAN B&W 5G70ME-C9.5-GI"
"SS 2020","HMM Algeciras","Daewoo Shipbuilding & Marine","Daewoo Shipbuilding & Marine Engineering / Nakashima","HMM Co., Ltd. Country: ................................Republic of Korea","Republic of Korea","5 May 2020","Approx. 399.9m","","9863297","228,300gt","","MAN Energy Solutions","MAN B&W 11G95ME-C10.5"
"SS 2020","HMM Oslo","Samsung Heavy Industries","DSME / Nakashima","HMM","Republic of Korea","24 April 2020","Approx. 399.9m","","9868326","Approx. 232,300gt","","MAN ES","11G95ME-C10.5"
"SS 2020","Jawa Satu","Samsung Heavy Industries","SHI / MMG","PT Jawa Satu Regas","South Korea","May 2020","292.5m","","9854935","107,000gt","","RENK",""
"SS 2020","","Hyundai Mipo Dockyard Co., Ltd. Vessel’s name: .............................. KMTC Seoul","Samsung/Silla","Korea Marine Transport","Republic of Korea","January 2021","Approx. 196m","","9882205","27,99gt","","Hyundai-MAN B&W","7S60ME-C10.5 (Tier II)"
"SS 2020","La Seine","Hyundai Heavy Industries","Hyundai Heavy","TMS Cardiff Gas Ltd. Country: .................................................. Greece","","27 August 2020","299.06m","","9845764","115,139gt","","Hyundai-WinGD","5X72DF"
"SS 2020","La Seine","Hyundai Heavy Industries","HHI","TMS Cardiff Gas Ltd. Country: .................................................. Greece","","28 February 2020","299.06m","","9845764","115,139gt","","Hyundai-WinGD","5X72DF"
"SS 2020","","Keppel Nantong Shipyard Co. Ltd. Vessel’s name: ............................. Marine Vicky","HHI","V-Bunkers Tankers Pte. Ltd. Country: .............................................Singapore","","28 February 2020","102.84m","","9880520","5,310gt","","Dual-fuel","6EY26DF"
"SS 2020","Mustai Karim","OJSC Shipyard Krasnoye","Wuhan Heavy","Vodohod Russian River","Ukraine","13 January 2020","141.15m","","9879351","8,966gt","","Diesel","6L20"
"SS 2020","National Geographic","Ulstein","Schottel","LEX Endurance LLC/ Lindblad Expeditions","Hamburg, Germany","3 August 2020","124.4m","","9842554","12,786gt","","ABB Azipod DO 3.5MW",""
"SS 2020","","Hyundai Mipo Dockyard Co., Ltd. Vessel’s name: ..........................Queen Jenuvia","Hyundai Mipo Dockyard Co., Ltd. Country: ................................Republic of Korea","Seaworld Express Ferry","Republic of Korea","16 March 2020","Approx. 170.0m","","9867475","27,391gt","","HHI Engine & Machinery Division (medium speed four-stroke)","HiMSEN 8H46/60P (Tier II)"
"SS 2020","Sakizaya Star","Japan Marine United Corporation","Kongsberg","Mount Wisdom S.A. Country: .................................................. Taiwan","Japan","7 September 2020","Max. 229.0m","","9861316","44,314gt","","MAN Energy Solutions SE","6S60ME-C8.5-EGRBP"
"SS 2020","Sara","Hyundai-Vietnam Shipbuilding","Japan Marine United","Bahri Dry Bulk Company","Saudi Arabia","27 March 2020","Approx. 229m","","9837119","43,735gt","","Hyundai - MAN B&W","6S60ME-C.10.5-HPSCR"
"SS 2020","Scarlet Lady","Fincantieri","Hyundai Heavy","VC Ship One Limited","Bermuda","29 April 2020","277.20m","","9804801","Approx. 110,000gt","","","8L46F, 12V46F"
"SS 2020","SCF La Perouse","Hyundai Samho Heavy","ABB","SCF","Republic of Korea","14 February 2020","297.09m","","9849887","116,779gt","","Two stroke, crosshead, turbocharged, reversible, diesel","5X72DF"
"SS 2020","Settsu","Mitsubishi Shipbuilding","Hyundai Heavy","Hankyu Ferry Co., Ltd. Country: ....................................................Japan","","10 February 2020","195.00m","","9860831","36,206gt","","Wärtsilä","14V31"
"SS 2020","Sider Buffalo","Zhejiang Xinle Shipbuilding","Daihatsu","Westport Shipping Limited/ Technical Core Management SRL","Malta/Italy","27 February 2020","109.9m","","9861512","4,764gt","","","8DK-28e"
"SS 2020","Siem Confucius","XSI Xiamen Shipbuilding","Schottel","LS-LBR Co, Ltd. Country: ...................................................Liberia","China","30 March 2020","199.90m","","9841017","72,900gt","","","7S60ME-C10.5GI Tier III"
"SS 2020","Silver Origin","De Hoop","Vendor’s Logo / Dalian Marine Propeller","Silversea Cruises","The Netherlands","12 March 2020","110.01m","","9837937","6,365gt","","","C32"
"SS 2020","","The Hakodate Dock Co., Ltd. Vessel’s name: ....................................... Singan","The Hakodate Dock Co., Ltd. Country: ....................................................Japan","Swire Bulk","Singapore","June 2020","179.97m","","9873735","21,526gt","","Makita-Mitsui","6S46ME"
"SS 2020","","Hyundai Mipo Dockyard Co., Ltd. Vessel’s name: ............................. Solar Sharna","Nakashima","Tristar Transport LLC","UAE","28 April 2020","Approx. 169m","","9877614","17,915gt","","Hyundai-MAN B&W","6S46ME-B8.5-HPSCR"
"SS 2020","Tove Knutsen","Hyundai Heavy Industries","Hyundai Heavy","Knutsen NYK Offshore","Republic of Korea","15 June 2020","278.95m","","9868376","84,666gt","","","B&W 6G70ME-C10.5"
"SS 2020","YM Celebrity","CSBC Corporation, Taiwan","Wärtsilä","Yang Ming Marine","Taiwan","28 September 2020","209.75m","","9864502","32,720gt","","MAN B&W","7S70ME-C10.5"
"SS 2020","Yuan Da Fan Rong","CSSC, Wuchang Shipbuilding","CSBC/ Nakashima","Qingdao Grand Ocean","China","27 May 2020","118.00m","","","8,057gt","","Guangzhou Diesel Engine","6G32, Tier II"
"SS 2020","Zhong Hua Fu Qiang","Shandong Huanghai","SDARI","Weihai Haida Passenger","China","July 2020","186.02m","","9899404","37,883gt","","MAN","16V32/40"
"SS 2021","","","4- strokeengine","","","","Approx.245m","","","","","","8L34DF"
"SS 2021","AlteraWave","SamsungHeavyIndustriesCo.Ltd","Brunvoll","AlteraInfrastructure","RepublicofKorea","","182.55m","","","29,725t","","MANB & W","6G50ME- C9.6"
"SS 2021","Aquasmeralda","JiangsuNewYangzi","CSSRC/Shanghai","Chandris","China","","110.00m","","","5,582t","","","6L34DF"
"SS 2021","Arabella","IcdasCelikEnerjiTersaneve","Wärtsilä","GEFOGesellschaftfür","Turkey","","188.80m","","","22,615t","","MANEnergySolutionsSE","7S70ME- C8.5- EGRBP"
"SS 2021","ArvikI","JapanMarineUnited","Kongsberg","FednavLimited","Japan","","169.10m","","","35,667t","","WinGD","6RT-flex50DFTier-IIIinGasModel"
"SS 2021","AutoAdvance","JiangnanShipyard(Group)","MAN","UnitedEuropeanCar","China","","154.50m","","","8,523t","","dieselengine","8L26"
"SS 2021","Azerbaijan","BakuShipyardLLC","Wärtsilä","AzerbaijanCaspian","Ukraine","","229.98m","","","52,868t","","MANEnergySolutions","Hyundai- MANB & W6G60ME- C9.5- LGIPwithHP- SCR"
"SS 2021","BellavistaExplorer","HyundaiSamhoHeavy","HyundaiHeavy","BocommLeasing","RepublicofKorea","","180m179.99m","","","26,700t26,272t(ClassNK)","","","5- cylinder2- stroke"
"SS 2021","BelleLune","TsuneishiZhoushan","Tsuneishi","NissenKaiunKK","Japan","","110.00m","","","","","Generatorengineformainpropulsion","NaturalGasEngineE3262LE262"
"SS 2021","BlueMarjan","ConcordiaDamen","Generatorengineandmainpropulsion","Jupiter8Limited","Netherlands","","145m","","","23,739t","","AzipodUnits","CZ980"
"SS 2021","Calypso","CSSCChengxiShipyard","Changzhou","OldendorﬀCarriers","Netherlands /China /Germany","","249.94m","","","60,133t","","MANB & W","6S60ME- C8.5(LLO- HPT)"
"SS 2021","CapeAce","NamuraShipbuildingCo.,Ltd","NakashimaPropeller","KawasakiKisen","Japan","","","","","","","NamuraShipbuildingCo.,Ltd",""
"SS 2021","","","","","","","abt.199.98m","","","73,515t","","","8S50ME- C9.6- GIEGRforNOxreductionwhenrunningonoil"
"SS 2021","CenturyHighwayGreen","TadotsuShipyardCo.,Ltd","ImabariShipbuildingCo.,Ltd","KawasakiKisen","Japan","","180.0m","","","31,400t","","MAN","MANB & W6S35ME- B9.5EGRBP"
"SS 2021","Cherokee","CSSCHuangpuWenchong","MAN","CGRailwayInc","China","","195.00m","","","28,780t","","MANB & W","7G60ME- C9.5- EGRBP"
"SS 2021","DoleMaya","CSSCChengxiShipyard","SDARI","VenturaTradingLtd","China","","123.0m","","","","","","16V31DF"
"SS 2021","EleanorRoosevelt","AstillerosArmon","Wärtsilä LJX1500","Balearia","Australia","","216.47m","","","50,450t","","MANES","Hyundai- B & W7S50ME- C9.5- GI(TIERII)"
"SS 2021","Faustine","HyundaiMipoDockyard","Kongsberg","CLdN","RepublicofKorea","","195.00m","","","33,390t","","JFEEngineeringCorporation","12PC2- 6B"
"SS 2021","FerryKyoto","MitsubishiShipbuilding","Nakashima","JapanRailway","Japan","","229.98m","","","48,858t","","Hyundai- MANB & W","6G60ME- C9.5- HPSCR"
"SS 2021","GasGabriella","HyundaiHeavyIndustry","HHI- EMD","KSSLineLtd","RepublicofKorea","","209.96m","","","49,887t","","JapanEngineCorporation","6UEC50LSH- Eco- C2"
"SS 2021","HachinoheMaru","OshimaShipbuildingCo.,Ltd","Nakashima","NipponYusen","Japan","","222.5m","","","31,408t","","Wärtsilä","14V31"
"SS 2021","Hamayu","MitsubishiShipbuilding","KawasakiHeavy","ShinNihonkaiFerry","Japan","","12.10m","","","4,419t","","BergenEnginesAS","2xC26: 33L6AGand2xC26: 33L9AG"
"SS 2021","HavilaCapella","TersanShipyardInc","KongsbergMaritime","HavilaKystruten","Norway","","291.90m","","","97,545t","","WinGD","W6X72DF"
"SS 2021","HLEco","HyundaiSamhoHeavy","HyundaiHeavy","H- Line","RepublicofKorea","","365.16m","","","152,003t","","Hyundai- MANB & W","9G95ME- C10.5"
"SS 2021","HMMNuri","HyundaiHeavyIndustry","HHI- EMD","HMMCo.,Ltd","RepublicofKorea","","299.95m","","","108,588t","","MANB & W","6G70ME- C9.5"
"SS 2021","HuiZhiHai","COSCOShippingHeavy","ShanghaiMarine","ChinaCOSCOBulk","China","","249.84m","","","63,532t","","Hyundai- MANB & W","6G60ME- C9.5"
"SS 2021","Jaarli","HyundaiHeavyIndustry","Kongsberg","Neste","RepublicofKorea","","208.00m","","","43,195t","","MANB & W","MAN12V48/60CR"
"SS 2021","JiLongDao","CSSCGuangzhouShipyard","MAN","COSCOShippingFerry","China","","138.0m","","","12,792t","","UEEngine","6UEC35LSE- Eco- B2- SCR"
"SS 2021","Katori","NanjingJinlingShipyard","Nakashima","NipponYusenKaisha","China","","149.9m","","","31,283t","","DualFuel","31DF"
"SS 2021","LeCommandantCharcot","Vard","ABB","Ponant","France","","179.86m","","","25,110t","","Hyundai- MANB & W","Hyundai - MANB & W6G50ME- C9.6- LGIP- HPSCR"
"SS 2021","Legacy","HyundaiMipoDockyard","HyundaiHeavy","NietoTradingB.V","RepublicofKorea","","339m","","","170,412t","","","14V46FwithSelective"
"SS 2021","MSCSeashore","Fincantieri","Mecklenburger","MSCCruises","Italy","","229.90m","","","","","MANB & W","MANB & W6S60ME- C"
"SS 2021","NingMay","ChengxiShipyardCo.,Ltd","ShanghaiMerchantShipDesign & ResearchInstitute,CSSC(SDARI)","Foremost(Shanghai)","China","","229.50m","","","54,066t","","MANB & W","6G60ME- C9.5TierII/III(HPSCR)"
"SS 2021","NordicNuluujaak","GuangzhouShipyard","LyenMarine","Nordic","China","","249.99m","","","63,134t","","","Hyundai- ManB & W6G60ME-"
"SS 2021","ONEXPeace","HyundaiSamhoHeavy","HHI- EMD","ONEXDMCC","RepublicofKorea","","230m","","","56,081t","","MANEnergySolutions","6G60ME- C9.5GIE"
"SS 2021","PaciﬁcIneosBelstaﬀ","JiangnanShipyard(Group)","Dalian","PaciﬁcGas","China","","298.97m","","","122,166t","","Hyundai- WinGD","5X72DF"
"SS 2021","PrismCourage","HyundaiHeavyIndustry","HHI /HHIEngine &","SKShipping","RepublicofKorea","","183.03m","","","27,000t","","","Hyundai- WinGD5X52DF"
"SS 2021","RavennaKnutsen","HyundaiMipoDockyard","Wärtsilä","KnutsenOASShipping","RepublicofKorea","","212.9m","","","40.855t","","","9L38"
"SS 2021","SilverDawn","KawasakiHeavyIndustries,Ltd.,KobeShipyard","Wärtsilä","HySTRA","Japan","","199.90m","","","39,433t","","MAN","6G50ME- C9.6HPSCR"
"SS 2021","Taixing","CSSCChengxiShipyard","CSSCShanghai","Chinese- PolishJoint","China","","169.10m","","","35,425t","","MANB & W","6S50ME- C8.5,TierII"
"SS 2021","TangHong","ChinaMerchantsHeavy","SDARI","ChinaMerchantsShen","China","","294.00m","","","117,573t","","MAN2× 9L51/60DF & 2× 8L51/60DF","2× 9L51/60DF & 2× 8L51/60DF"
"SS 2021","TransgasPower","Hudong- Zhonghua","NakashimaPropeller","Dynagas","China","","111.40m","","","5,416t","","GDF","6G32"
"SS 2022","","","MANEnergySolutions","","","","329.98","","","154,004","","","Hyundai- MANB & W7G80ME- C9.5- HPSCR"
"SS 2022","AmoreMio","HyundaiSamhoHeavy","HyundaiHeavy","CapitalShip","RepublicofKorea","","230.0m","","","56,043t","","Wärtsilä","2xWärtsilä 6L46F,maximumcontinuousrating(MCR)each7,200kW2xWärtsilä 8L46F,maximumcontinuousrating(MCR)each9,600kW"
"SS 2022","AuraSeaways","GuangzhouShipyard","TTS/MacGregor","DFDSA /S","Finland","","115.8m","","","8,366","","Kongsberg",""
"SS 2022","AvenirAspiration","NantongCIMCSinopaciﬁc","ShanghaiMerchantShipDesign & ResearchInstitute,CSSC(SDARI)","AvenirLNGLimited","China","","121.89m","","","9,133","","Wärtsilä","8L34DF"
"SS 2022","BoreWay","WuhuShipyardCo.,Ltd","Wärtsilä packaged","BoreWayOYAB","Netherlands /China","","235.00m","","","54,244","","MitsuiE & SMachineryCo.,Ltd","MitsuiMANB & W6G60ME- C10.5"
"SS 2022","CemtexExcellence","OshimaShipbuildingCo.,Ltd","Nakashima","U- MingMarineTransport","Japan","","122.20m","","","7,730","","MAN","5S35ME- B9.7TierII"
"SS 2022","ChangZan","DamenYichangShipyard","ShanghaiGoodwayMarine","ShanghaiChangjiang","China","","365.99m","","","150,783","","Electronicallycontrolledtwo-stroke,directreversible,crossheadtypedieselengine","MANB & W11G90ME- C10.5-"
"SS 2022","CMACGMDignity","HyundaiHeavyIndustries","HHI- EMD","CMACGM","RepublicofKorea","","176.80m","","","26,234gt","","Wärtsilä","8L50DF"
"SS 2022","CoralNordic","JiangnanShipyard(Group)","Wärtsilä","AnthonyVeder","China","","225.0m","","","45,287","","MAN","6S50ME- C9.7TierII"
"SS 2022","DongYi601","PenglaiZhongbaiJinglu","SMARD","FujianDongYiShipping","China","","278.0m","","","84,560","","MANB & W","Hyundai- MANB & W6G70ME-"
"SS 2022","EagleCampos","HyundaiHeavyIndustries","Wärtsilä","AET","RepublicofKorea","","330m","","","158,240","","WinGD","7X82DF"
"SS 2022","EagleValence","SamsungHeavyIndustries","Samsung /Sillametal","AET","RepublicofKorea","","238.0","","","60,515","","Hyundai- MAN2x12,780kW","Hyundai- MANB & W9S50ME- C9.6"
"SS 2022","FinnecoI","ChinaMerchantsJinling","Kongsberg","FinnlinesPlc","Denmark","","277.548m","","","85,504MT","","WinterthurGas & DieselLtd","WinGD6X52DF"
"SS 2022","FridaKnutsen","DaewooShipbuilding &","DSME /Wärtsilä","KNOT(KnutsenNYK","RepublicofKorea","","274.0m","","","","","CMD","CMD- MANB & W6G70ME- C10.5- GI"
"SS 2022","Greenway","GuangzhouShipyard","702/dpcc","EasternPaciﬁcShipping","China","","159.70m","","","18,664","","WinterthurGas & Diesel","5RT-flex50DF"
"SS 2022","BajamarExpress","Austal","Wärtsilä","FredOlsenExpress","Australia","","229.96m","","","48,805","","MANEnergySolutions","Hyundai- MANB & W6G60ME- C10.5- LGIP- HPSCR"
"SS 2022","HLSBlueSapphire","HyundaiSamhoHeavy","HMRI /HHI- EMD","HyundaiLNGShipping","Korea","","329.99m","","","154,449","","MANB & W","Hyundai- MANB & W7G80ME- C9.5- HPSCR"
"SS 2022","JuliusCaesar","HyundaiMipoDockyard","HyundaiHeavy","K- Line","Korea","","abt.180m","","","26,614MT","","Hyundai- MANB & Wdieselengine","6G50ME- C9.6- LGIP- HPSCR"
"SS 2022","Kaupang","HyundaiMipoDockyard","HMD/HHI- EMD","EPS","Korea","","234.96m","","","51,793","","JapanEngineCorporation","6UEC60LSE- Eco- A2- EGR"
"SS 2022","KurotakisanMaruIII","OshimaShipbuildingCo.,Ltd","NakashimaPropeller","CaribstarShippingS.A","Japan","","115.20m","","","4,966","","Wärtsilä","6L34DF"
"SS 2022","LadyMarieChristine","WuhuShipyardCo.,Ltd","Wärtsilä packaged","WijnneBarends","Netherlands /China","","229.90m","","","49,943t","","Dual-fuelLPGmarinedieselengine","Kawasaki- MANB & W7S60ME- C10.5LGIP"
"SS 2022","LupinusPlanet","KawasakiHeavyIndustries,Ltd.SakaideShipyard","NakashimaPropeller","AkiakariShipholdingS.A","Japan","","328m","","","152,509","","Hyundai- MANB & W","7G80ME- C10.5"
"SS 2022","MelodyHope","HyundaiHeavyIndustry","HHIEngine &","Majesty","RepublicofKorea","","abt.229.4","","","abt.4,864m","","MAN","6L51/60DF & 8L51/60DF"
"SS 2022","NilsHolgersson","ChinaMerchantsJinLing","MAN","TT- Line","Denmark /China","","293.4m","","","143,535grt","","","3x9 + 2x12W46Fwithselectivecatalyticreduction"
"SS 2022","NorwegianPrima","Fincantieri","ABB","NorwegianCruiseLine","Italy","","225.5m","","","22,715GT","","MaKDieselelectric","3x8M25E; 1x6M20C"
"SS 2022","Nukumi","ChengxiShipyardCo.Ltd","Pontoonpanelsliftedbygantrystyledeckcrane; Gantrycrane11tonnecapacity","CSL & WindsorSalt","Finland /China","","110.0m","","","3,138","","","MAND2862LE328"
"SS 2022","PointedeCaux","RMKMarine","SchottelSRE270","SogestranGroup","Turkey","","298.97m","","","114,180","","WinGD","Hyundai- WinGD5X72DF"
"SS 2022","SantanderKnutsen","HyundaiSamhoHeavy","HyundaiHeavy","KnutsenOASShipping","RepublicofKorea","","235.00m","","","58,209","","MitsuiE & SMachineryCo.,Ltd","MitsuiMANB & W6S60ME- C10.5-"
"SS 2022","ShofuMaru","OshimaShipbuildingCo.,Ltd","Nakashima","MitsuiO.S.K.Lines,Ltd","Japan","","abt.183m","","","29,950","","MAN","Hyundai- MANB & W6G50ME- C9.6- HPSCR"
"SS 2022","","","HMD/HHI- EMD","","","","","","","","","Oriental",""
"SS 2022","StenaConvoy","HyundaiMipoDockyard","HyundaiMipoDockyardCo.,Ltd","Mitsui & Co.,Ltd","Korea","","186.0m","","","","","MAN","MAN6G50ME- C9.6- LGIM- W"
"SS 2022","StenaProPatria","GuangzhouShipyard","702/dpcc","PromanStena","Sweden","","229.97m","","","60,776","","MANB & W","6G60ME- C9.5-- GIE- HPSCR"
"SS 2022","STLYangtze","HyundaiHeavyIndustries","HyundaiHeavy","EasternPaciﬁcShipping","RepublicofKorea","","199.99m","","","36,298","","MitsuiE & SmachineryCo.,Ltd","MANB & W6S50ME - C9.7"
"SS 2022","BajamarExpress","Austal","Nakashima","FredOlsenExpress","Australia","","259m","","","65,500","","2strokeengine","6X62"
